/* Generated by tools/video2c.py. Do not edit by hand. */
#include "family_video_assets.h"

const uint8_t APP_VIDEO_FRAME_00[5000] = {
    0xAF, 0xF4, 0xFF, 0xFF, 0xFF, 0xE0, 0x01, 0xFF, 0x87, 0xFF, 0xFF, 0xC7, 0xFE, 0x7F, 0x9E, 0xFF,
    0xCF, 0xFF, 0xE0, 0x03, 0xFF, 0xFF, 0xFF, 0xFC, 0x00, 0xAF, 0x04, 0xFF, 0xFF, 0xFF, 0xF8, 0x00,
    0x7F, 0xF1, 0xFF, 0xFF, 0xF3, 0xFF, 0x9F, 0xE7, 0x3F, 0xF3, 0x7F, 0x80, 0xFF, 0x9F, 0xF8, 0x7F,
    0x00, 0x03, 0xA0, 0x64, 0xFF, 0xFF, 0xFF, 0xFE, 0x1D, 0x0F, 0xFC, 0x7F, 0xFF, 0xFC, 0x7E, 0x03,
    0xF9, 0xCF, 0xFC, 0xC0, 0x1F, 0xFF, 0xFF, 0xFF, 0x80, 0x00, 0x7F, 0x2C, 0x04, 0xFF, 0xFF, 0xFF,
    0xFF, 0x7D, 0xC3, 0xFF, 0x1F, 0xFB, 0xFF, 0x01, 0xF9, 0xFE, 0xF7, 0xF8, 0x0F, 0xFF, 0xFF, 0xFF,
    0xE0, 0x00, 0x3F, 0xFF, 0xA0, 0x74, 0xFF, 0xFF, 0xFF, 0xFF, 0x7D, 0x40, 0x7F, 0xE3, 0xFC, 0xFF,
    0xC7, 0xFE, 0x7F, 0xBC, 0x01, 0xFF, 0xFF, 0xFF, 0xF0, 0x00, 0x0F, 0xFF, 0xFF, 0x2F, 0xF4, 0xFF,
    0xFF, 0xFF, 0xFF, 0x7D, 0x40, 0x1F, 0xF8, 0xFF, 0x9F, 0xF1, 0xFF, 0x8F, 0x00, 0x7F, 0xFF, 0xE7,
    0xF8, 0x00, 0x07, 0xFF, 0xFF, 0xFF, 0xAF, 0xF4, 0xFF, 0xFF, 0x3F, 0xFF, 0x6D, 0x46, 0x27, 0xFE,
    0x3F, 0xE7, 0xFE, 0x7F, 0xE0, 0x3F, 0xFF, 0xFE, 0x7E, 0x00, 0x07, 0xFF, 0xFF, 0xFF, 0xFF, 0xAF,
    0xF4, 0xFF, 0xFE, 0xDF, 0xFF, 0x6D, 0x47, 0x80, 0xFF, 0x87, 0xF9, 0xFF, 0x80, 0x0F, 0xFF, 0xFF,
    0xFF, 0x00, 0x00, 0xFF, 0xFF, 0xFF, 0xFF, 0xFF, 0xAF, 0xF4, 0xFF, 0xFD, 0xEF, 0xFF, 0x65, 0x47,
    0xF0, 0x3F, 0xF1, 0xFE, 0x6C, 0x03, 0xFF, 0xFC, 0xFF, 0xC0, 0x00, 0xFF, 0xFF, 0xFF, 0xFF, 0xFF,
    0xFF, 0xAF, 0xF4, 0xFF, 0xFB, 0xF7, 0xFF, 0x45, 0xC7, 0xFC, 0x07, 0xFC, 0x3E, 0x00, 0x7F, 0xFF,
    0xFF, 0xF0, 0x00, 0x1F, 0xFF, 0xFF, 0xFF, 0xFF, 0xFF, 0xFF, 0xAF, 0xF4, 0xFF, 0xF3, 0xFB, 0xFF,
    0x45, 0xC7, 0xFD, 0x81, 0xFF, 0x80, 0x21, 0xFF, 0xFF, 0xF8, 0x00, 0x1F, 0xFF, 0xFF, 0xFF, 0xFF,
    0xFF, 0xFF, 0xFF, 0xAF, 0xF4, 0xFF, 0xE7, 0xFD, 0xFF, 0x45, 0xC7, 0xFB, 0xE0, 0x77, 0xCE, 0x3F,
    0xFF, 0xFE, 0x00, 0x02, 0x7F, 0xFF, 0xFF, 0xFF, 0xFF, 0xFF, 0xFF, 0xFF, 0xAF, 0xF4, 0xFF, 0xEF,
    0xFE, 0xFF, 0x45, 0xC7, 0xF7, 0xFC, 0x0F, 0xCE, 0x7F, 0xFF, 0x00, 0x03, 0xF6, 0x7F, 0xFF, 0xFF,
    0xFF, 0xFF, 0xFF, 0xFF, 0xFF, 0xAF, 0xF4, 0xFF, 0xDF, 0xFF, 0x7F, 0x55, 0xC7, 0xEF, 0xFD, 0x03,
    0x0E, 0x0F, 0xC0, 0x00, 0xF7, 0xF6, 0x7F, 0xFF, 0xFF, 0xFF, 0xFF, 0xFF, 0xFF, 0xFF, 0xAE, 0x04,
    0xFF, 0xBF, 0xFF, 0xBF, 0x75, 0xC7, 0xEF, 0xFF, 0xC0, 0x4E, 0x60, 0x00, 0x3F, 0xFF, 0xF6, 0x7F,
    0xFF, 0xFF, 0xFF, 0xFF, 0xFF, 0xFF, 0xFF, 0x81, 0xF8, 0xFF, 0x7F, 0xFF, 0xDF, 0x75, 0xC7, 0xDF,
    0xFF, 0xF8, 0x0E, 0x00, 0x3F, 0xFF, 0xEF, 0xF6, 0x7F, 0xFF, 0xFF, 0xFF, 0xFF, 0xFF, 0xFF, 0xFF,
    0x7F, 0xF8, 0xFE, 0xFF, 0xFF, 0xEF, 0x75, 0xC7, 0xBF, 0xFF, 0xFF, 0x0E, 0x0F, 0xFF, 0xFF, 0xDF,
    0xF6, 0x7F, 0xFF, 0xFF, 0xFF, 0xFF, 0xFF, 0xFF, 0xFF, 0xFE, 0x00, 0xFC, 0xFF, 0xFF, 0xF7, 0x75,
    0xC7, 0x7F, 0xFF, 0x7F, 0xBE, 0x5F, 0xFF, 0xFF, 0xDF, 0xF6, 0x7F, 0xFF, 0xFF, 0xFF, 0xFF, 0xFF,
    0xFF, 0xFF, 0xC0, 0x0F, 0xF9, 0xFF, 0xFF, 0xFB, 0x75, 0xC6, 0xFF, 0xFF, 0x7F, 0xAE, 0x5F, 0xFF,
    0xFF, 0xBF, 0xF6, 0x7F, 0xFF, 0xFF, 0xFF, 0xFF, 0xFF, 0xFF, 0xFF, 0x01, 0xFF, 0xF3, 0xFF, 0xFF,
    0xFD, 0x75, 0xC6, 0xFF, 0xFF, 0x7F, 0xAE, 0x5F, 0xFF, 0xFF, 0xBF, 0xF6, 0x7F, 0xFF, 0xFF, 0xFF,
    0xFF, 0xFF, 0xFF, 0xFF, 0xFF, 0xFF, 0xE1, 0xFF, 0xFF, 0xFD, 0x75, 0xE6, 0xFF, 0xFF, 0xBF, 0xAE,
    0x5F, 0xFF, 0xFF, 0x7F, 0xF6, 0x7F, 0xFF, 0xFF, 0xFF, 0xFF, 0xFF, 0xFF, 0xFF, 0xFF, 0xFF, 0xCC,
    0xFF, 0xFF, 0xFB, 0x75, 0xE6, 0xFF, 0xFF, 0xDF, 0xAE, 0x5F, 0xFF, 0xFD, 0xFF, 0xF6, 0x7F, 0xFF,
    0xFF, 0xFF, 0xFF, 0xFF, 0xFF, 0xFF, 0xFF, 0xFF, 0xDC, 0x7F, 0xFF, 0xF3, 0x75, 0xE5, 0xFF, 0xFF,
    0xEF, 0xAF, 0x5F, 0xFF, 0xFB, 0xFF, 0xF6, 0x7F, 0xFF, 0xFF, 0xFF, 0xFF, 0xE0, 0x0F, 0xFF, 0xFF,
    0xFF, 0xB6, 0x3F, 0xFF, 0xF7, 0x75, 0xE3, 0xFF, 0xFF, 0xEF, 0xAF, 0x5F, 0xFF, 0xFB, 0xFF, 0xF6,
    0x7F, 0xFF, 0xFF, 0xFF, 0xE0, 0x0F, 0x8F, 0xFF, 0xFF, 0xFF, 0x63, 0x3F, 0xFF, 0xEF, 0x75, 0xE7,
    0xFF, 0xFF, 0xF7, 0xAE, 0x5F, 0xFF, 0xFB, 0xFF, 0xF6, 0x7F, 0xFF, 0xFF, 0xC0, 0x07, 0xFF, 0x4F,
    0xFF, 0xFF, 0xFE, 0xC5, 0x8F, 0xFF, 0xDF, 0x75, 0xE7, 0xFF, 0xFF, 0xF7, 0xAC, 0x5F, 0xFF, 0xF7,
    0xFF, 0xF6, 0x7F, 0xFF, 0x80, 0x1F, 0xFF, 0xFE, 0xCF, 0xFF, 0xFF, 0xFC, 0x8C, 0xCF, 0xFF, 0xBF,
    0x7D, 0xE7, 0xFF, 0xFF, 0xF7, 0x8C, 0x5F, 0xFF, 0xE7, 0xFF, 0xF6, 0x7F, 0x80, 0x3F, 0xFF, 0xFF,
    0x00, 0xCF, 0xFF, 0xFF, 0xF9, 0x9E, 0x63, 0xFF, 0x7F, 0x7D, 0xE7, 0xFF, 0xFF, 0xF7, 0xAC, 0x5F,
    0xFF, 0xDF, 0xFF, 0xF6, 0x00, 0x1F, 0xFF, 0xFE, 0x00, 0x00, 0xCF, 0xFF, 0xFF, 0xFB, 0x3F, 0x33,
    0xFE, 0xFF, 0x7D, 0xE7, 0xFF, 0xFF, 0xF7, 0xAC, 0x5F, 0xFF, 0xBF, 0xFF, 0xF6, 0x3F, 0xFF, 0xFF,
    0x00, 0x07, 0xFE, 0xCF, 0xFF, 0xFF, 0xF6, 0x3F, 0x99, 0xFD, 0xFF, 0x7D, 0xE7, 0xFF, 0xFF, 0xF7,
    0xAD, 0x5F, 0xFF, 0x7F, 0xFF, 0xF5, 0xFF, 0xFC, 0x00, 0x03, 0xFF, 0xFE, 0xCF, 0xFF, 0xFF, 0xEC,
    0xFF, 0xCC, 0xFB, 0xFF, 0x7D, 0xF7, 0xFF, 0xFF, 0xFF, 0xAD, 0x5F, 0xFE, 0xFF, 0xFF, 0xF3, 0xF0,
    0x00, 0x0F, 0xFF, 0xFF, 0xFE, 0xCF, 0xFF, 0xFF, 0xD8, 0xFF, 0xE6, 0x77, 0xFF, 0x7D, 0xE7, 0xFF,
    0xFF, 0xFB, 0xAD, 0x5F, 0xFF, 0xFF, 0xFF, 0xF0, 0x00, 0x1F, 0xFF, 0xFF, 0xFF, 0xFE, 0xCF, 0xFF,
    0xFF, 0x91, 0xFF, 0xF3, 0x27, 0xFF, 0x7D, 0xE7, 0xFF, 0xFF, 0xFB, 0xBD, 0x5F, 0xFF, 0xFF, 0xFF,
    0xF0, 0x1F, 0xFF, 0xFF, 0xFF, 0xFF, 0xFE, 0xCF, 0xFF, 0xFF, 0xB3, 0xFF, 0xFB, 0x8F, 0xFF, 0x7D,
    0xE7, 0xFF, 0xFF, 0xFB, 0xBD, 0x5F, 0xFF, 0xFF, 0xFF, 0xFF, 0xFF, 0xFF, 0xFF, 0xFF, 0xFF, 0xFE,
    0xCF, 0xFF, 0xFF, 0x23, 0xFF, 0xFB, 0x1F, 0xFF, 0x7D, 0xE7, 0xFF, 0xFF, 0xFB, 0xBD, 0x5F, 0xFF,
    0xFF, 0xFF, 0xFF, 0xFF, 0xFF, 0xFF, 0xFF, 0xFF, 0xFE, 0xCF, 0xFF, 0xFE, 0x31, 0xFF, 0xF6, 0x3F,
    0xFF, 0x7D, 0xE7, 0xFF, 0xFF, 0xFD, 0xBD, 0x5F, 0xFF, 0xFF, 0xFF, 0xFF, 0xFF, 0xFF, 0xFF, 0xFF,
    0xFF, 0xFE, 0xCF, 0xFF, 0xFD, 0x99, 0xFF, 0xEC, 0x7F, 0xFF, 0x7D, 0xE7, 0xFF, 0xFF, 0xFE, 0xBD,
    0x5F, 0xEF, 0xFF, 0xFF, 0xFF, 0xFF, 0xFF, 0xFF, 0xFF, 0xFF, 0xFE, 0xCF, 0xFF, 0xFB, 0xCC, 0xFF,
    0xCC, 0xFF, 0xFF, 0x7D, 0xE7, 0xFF, 0xFF, 0xFE, 0xBD, 0x5F, 0xEF, 0xFF, 0xFF, 0xFF, 0xFF, 0xFF,
    0xFF, 0xFF, 0xFF, 0xFE, 0xCF, 0xFF, 0xF7, 0xE6, 0x7F, 0x99, 0xFF, 0xFF, 0x7D, 0xE7, 0xFF, 0xFF,
    0xFF, 0xBD, 0x5F, 0xEF, 0xFF, 0xFF, 0xFF, 0xFF, 0xFF, 0xFF, 0xFF, 0xFF, 0xFE, 0xCF, 0xFF, 0xE7,
    0xF3, 0x3F, 0x33, 0xFF, 0xFF, 0x7D, 0xE7, 0xFF, 0xFF, 0xFF, 0x3D, 0x5F, 0xEF, 0xFF, 0xFF, 0xFF,
    0xFF, 0xFF, 0xFF, 0xFF, 0xFF, 0xFE, 0xCF, 0xFF, 0xCF, 0xF9, 0x9F, 0x63, 0xFF, 0xFF, 0x7D, 0xE7,
    0xFF, 0xFF, 0xFF, 0x2D, 0x5F, 0xEF, 0xFF, 0xFF, 0xFF, 0xFF, 0xFF, 0xFF, 0xFF, 0xFF, 0xFE, 0xCF,
    0xFF, 0x9F, 0xFC, 0xCE, 0xC7, 0xFF, 0xFF, 0x7D, 0xE7, 0xFF, 0xFF, 0xFF, 0x2D, 0x5F, 0xFF, 0xFF,
    0xFF, 0xFF, 0xFF, 0xFF, 0xFF, 0xFF, 0xFF, 0xFE, 0xCF, 0xFF, 0x3F, 0xFE, 0x65, 0x8F, 0xFF, 0xFF,
    0x7D, 0xE7, 0xFF, 0xFF, 0xFF, 0x2D, 0x5F, 0xDF, 0xFF, 0xFF, 0xFF, 0xFF, 0xFF, 0xFF, 0xFF, 0xFF,
    0xFE, 0xCF, 0xFF, 0x7F, 0xFE, 0x33, 0x1F, 0xFF, 0xFF, 0x7D, 0xE7, 0xFF, 0xFF, 0xFF, 0xAF, 0x5F,
    0xBF, 0xFF, 0xFF, 0xFF, 0xFF, 0xFF, 0xFF, 0xFF, 0xFF, 0xFE, 0xCF, 0xFF, 0xFF, 0xFF, 0x13, 0x3F,
    0xFF, 0xFF, 0x7D, 0xE7, 0xFF, 0xFF, 0xFF, 0xAF, 0x5F, 0x7F, 0xFF, 0xFF, 0xFF, 0xFF, 0xFF, 0xFF,
    0xFF, 0xFF, 0xFE, 0xCF, 0xFF, 0xFF, 0xFF, 0x8C, 0x7F, 0xFF, 0xFF, 0x7D, 0xE7, 0xFF, 0xFF, 0xFF,
    0xAF, 0x5E, 0xFF, 0xFF, 0xFF, 0xFF, 0xFF, 0xFF, 0xFF, 0xFF, 0xFF, 0xFE, 0xCF, 0xFF, 0xFF, 0xFF,
    0xCC, 0xFF, 0xFF, 0xFF, 0x7D, 0xE7, 0xFF, 0xFF, 0xFF, 0xAF, 0x5D, 0xFF, 0xFF, 0xFF, 0xFF, 0xFF,
    0xFF, 0xFF, 0xFF, 0xFF, 0xFE, 0xCF, 0xFF, 0xFF, 0xFF, 0xE1, 0xFF, 0xFF, 0xFF, 0x7D, 0xE7, 0xFF,
    0xFF, 0xFF, 0xA7, 0x5F, 0xFF, 0xFF, 0xFF, 0xFF, 0xFF, 0xFF, 0xFF, 0xFF, 0xFF, 0xFE, 0xC8, 0x00,
    0xFF, 0xFF, 0xF1, 0xFF, 0xFF, 0xFF, 0x7D, 0xE7, 0xFF, 0xFF, 0xFF, 0xA7, 0x5B, 0xFF, 0xFF, 0xFF,
    0xFF, 0xFF, 0xFF, 0xFF, 0xFF, 0xFF, 0xFE, 0xC1, 0xFF, 0xFF, 0xFF, 0xF5, 0xFF, 0xFF, 0xFF, 0x7D,
    0xE7, 0xFF, 0xFF, 0xFF, 0xB7, 0x5B, 0xFF, 0xFF, 0xFF, 0xFF, 0xFF, 0xFF, 0xFF, 0xFF, 0xFF, 0xFE,
    0xBF, 0xFF, 0xFF, 0xFF, 0xEE, 0xFF, 0xFF, 0xFF, 0x7D, 0xE7, 0xFF, 0xFF, 0xFF, 0xB7, 0x57, 0xFF,
    0xFF, 0xFF, 0xFF, 0xFF, 0xFF, 0xFF, 0xFF, 0xFF, 0xFE, 0x7F, 0xE0, 0xFF, 0xFF, 0xCF, 0x7F, 0xFF,
    0xFF, 0x7D, 0xE7, 0xFF, 0xFF, 0xFF, 0xB7, 0x5F, 0xFF, 0xFF, 0xFF, 0xFF, 0xFF, 0xFF, 0xFF, 0xFF,
    0xFF, 0xFE, 0x00, 0x00, 0xFF, 0xFF, 0x9F, 0xBF, 0xFF, 0xFF, 0x7D, 0xE7, 0xFF, 0xFF, 0xFF, 0xB7,
    0x4F, 0xFF, 0xFF, 0xFF, 0xFF, 0xFF, 0xFF, 0xFF, 0xFF, 0xFF, 0xFE, 0x03, 0xFF, 0xFF, 0xFF, 0x3F,
    0xDF, 0xFF, 0xEF, 0x7D, 0xE7, 0xFF, 0xFF, 0xFF, 0xB7, 0x5F, 0xFF, 0xFF, 0xFF, 0xFF, 0xFF, 0xFF,
    0xFF, 0xFF, 0xFF, 0xFF, 0xFF, 0xFF, 0xFF, 0xFF, 0x7F, 0xEF, 0xFF, 0xEF, 0x7D, 0xE7, 0xFF, 0xFF,
    0xFF, 0xB7, 0x5F, 0xFF, 0xFF, 0xFF, 0xFF, 0xFF, 0xFF, 0xFF, 0xFF, 0xFF, 0xFF, 0xFF, 0xFF, 0xFF,
    0xFE, 0xFF, 0xF7, 0xFF, 0xFF, 0x7D, 0xE7, 0xFF, 0xFF, 0xFF, 0xB7, 0x5F, 0xFF, 0xFF, 0xFF, 0xFF,
    0xFF, 0xFF, 0xFF, 0xFF, 0xFF, 0xFF, 0xFF, 0xFF, 0xFF, 0xFD, 0xFF, 0xFB, 0xFF, 0xFF, 0x7D, 0xE7,
    0xFF, 0xFF, 0xFF, 0xB7, 0x5F, 0xFF, 0xFF, 0xFF, 0xFF, 0xFF, 0xFF, 0xFF, 0xFF, 0xFF, 0xFF, 0xFF,
    0xFF, 0x7F, 0xFB, 0xFF, 0xFD, 0xFF, 0xFF, 0x7D, 0xE7, 0xFF, 0xFF, 0xFF, 0xB7, 0x5F, 0xFF, 0xFF,
    0xFF, 0xFF, 0xFF, 0xFF, 0xFF, 0xFF, 0xFF, 0xFF, 0xFF, 0xFF, 0x7F, 0xF7, 0xFF, 0xFE, 0xFF, 0xFF,
    0x7D, 0xE7, 0xFF, 0xFF, 0xFF, 0xB7, 0x5F, 0xFF, 0xFF, 0xFF, 0xFF, 0xFF, 0xFF, 0xFF, 0xFF, 0xFF,
    0xFF, 0xFF, 0xFF, 0xBF, 0xEF, 0xFF, 0xFE, 0x7F, 0xFF, 0x7D, 0xE7, 0xFF, 0xFF, 0xFF, 0xB7, 0x5F,
    0xFF, 0xFF, 0xFF, 0xFF, 0xFF, 0xFF, 0xFF, 0xFF, 0xFF, 0xFF, 0xFF, 0xFF, 0xDF, 0xDF, 0xFF, 0xFF,
    0x3F, 0xFF, 0x7D, 0xE7, 0xFF, 0xFF, 0xFF, 0xB7, 0x5F, 0xFF, 0xFF, 0xFF, 0xFF, 0xFF, 0xFF, 0xFF,
    0xFF, 0xFF, 0xFF, 0xFF, 0xFF, 0xEF, 0xBF, 0xFF, 0xFF, 0xDF, 0xFF, 0x7D, 0xE7, 0xFF, 0xFF, 0xFF,
    0xB7, 0x5F, 0xFF, 0xFF, 0xFF, 0xFF, 0xFF, 0xFF, 0xFF, 0xFF, 0xFF, 0xFF, 0xFF, 0xFF, 0xF7, 0x3F,
    0xFF, 0xFF, 0xCF, 0xFF, 0x6D, 0xE7, 0xFF, 0xFF, 0xFF, 0xB7, 0x5F, 0xFF, 0xFF, 0xFF, 0xFF, 0xFF,
    0xFF, 0xFF, 0xFF, 0xFF, 0xFF, 0xFF, 0xFF, 0xFB, 0x7F, 0xFF, 0xFF, 0xE7, 0xFF, 0x6D, 0xE7, 0xFF,
    0xFF, 0xFF, 0xB7, 0x5F, 0xFF, 0xFF, 0xFF, 0xFF, 0xFF, 0xFF, 0xFF, 0xFF, 0xFF, 0xFF, 0xFF, 0xFF,
    0xF8, 0xFF, 0xFF, 0xFF, 0xF3, 0xFF, 0x6D, 0xE7, 0xFF, 0xFF, 0xFF, 0xBF, 0x5F, 0xFF, 0xFF, 0xFF,
    0xFF, 0xFF, 0xFF, 0xFF, 0xFF, 0xFF, 0xFF, 0xFF, 0xFF, 0xFF, 0xFF, 0xFF, 0xFF, 0xF9, 0xFF, 0x6D,
    0xE7, 0xFF, 0xFF, 0xFF, 0xBF, 0x5F, 0xFF, 0xFF, 0xFF, 0xFF, 0xFF, 0xFF, 0xFF, 0xFF, 0xFF, 0xFF,
    0xFF, 0xE0, 0xFF, 0xFF, 0xFF, 0xFF, 0xFC, 0xFF, 0x6D, 0xE7, 0xFF, 0xFF, 0xFF, 0xBF, 0x5F, 0xFF,
    0xFF, 0xFF, 0xFF, 0xFF, 0xFF, 0xFF, 0xFF, 0xFF, 0xFF, 0xFF, 0x00, 0xFF, 0x01, 0xFF, 0xFF, 0xFE,
    0xFF, 0x6D, 0xE7, 0xFF, 0xFF, 0xFF, 0xBF, 0x5F, 0xFF, 0xFF, 0xFF, 0xFF, 0xFF, 0xFF, 0xFF, 0xFF,
    0xFF, 0xFF, 0xFC, 0x67, 0xFE, 0x7C, 0xFF, 0xFF, 0xFF, 0x7F, 0x6D, 0xE7, 0xFF, 0xFF, 0xFF, 0xBF,
    0x5F, 0xFF, 0xFF, 0xFF, 0xFF, 0xFF, 0xFF, 0xFF, 0xFF, 0xFF, 0xFF, 0xF9, 0xE7, 0xFE, 0xFE, 0xFF,
    0xFF, 0xFF, 0xBF, 0x6D, 0xE7, 0xFF, 0xFF, 0xFF, 0xBE, 0x4F, 0xFF, 0xFF, 0xFF, 0xFF, 0xFF, 0xFF,
    0xFF, 0xFF, 0xFF, 0xFF, 0xF3, 0x67, 0x3C, 0xFE, 0x7F, 0xFF, 0xFF, 0xDF, 0x6D, 0xE7, 0xFF, 0xFF,
    0xFF, 0x3E, 0x57, 0xFF, 0xFF, 0xFF, 0xFF, 0xFF, 0xFF, 0xFF, 0xFF, 0xFF, 0xFF, 0xEB, 0x67, 0x9D,
    0xFF, 0x7F, 0xFF, 0xFF, 0xEF, 0x7D, 0xE7, 0xFF, 0xFF, 0xFF, 0xBE, 0x5B, 0xFF, 0xFF, 0xFF, 0xFF,
    0xFF, 0xFF, 0xFF, 0xFF, 0xFF, 0xFF, 0xDA, 0x67, 0xCC, 0xFE, 0x7F, 0xFF, 0xFF, 0xF6, 0x7D, 0xE7,
    0xFF, 0xFF, 0xFE, 0xBE, 0x5B, 0xFF, 0xFF, 0xFF, 0xFF, 0xFF, 0xFF, 0xFF, 0xFF, 0xFF, 0xFF, 0x9A,
    0x6F, 0xE6, 0xFE, 0xFF, 0xFF, 0xFF, 0xFA, 0x7D, 0xE7, 0xFF, 0xFF, 0xFE, 0xBE, 0x5D, 0xFF, 0xFF,
    0xFF, 0xFF, 0xFF, 0xFF, 0xFF, 0xFF, 0xFF, 0xFF, 0xBA, 0x6F, 0x72, 0x7C, 0xFF, 0xFF, 0xFF, 0xF9,
    0x7D, 0xE7, 0xFF, 0xFF, 0xFF, 0xBE, 0x5D, 0xFF, 0xFF, 0xFF, 0xFF, 0xFF, 0xFF, 0xFF, 0xFF, 0xFF,
    0xFF, 0x3A, 0x6F, 0x98, 0x00, 0xFF, 0xFF, 0xFF, 0xFB, 0x7D, 0xE7, 0xFF, 0xFF, 0xFF, 0xBF, 0x5C,
    0xFF, 0xFF, 0xFF, 0xFF, 0xFF, 0xFF, 0xFF, 0xFF, 0xFF, 0xFF, 0x7A, 0x6F, 0xDC, 0x00, 0x7F, 0xFF,
    0xFF, 0xF7, 0x7D, 0xE7, 0xFF, 0xFF, 0xFF, 0xBF, 0x5E, 0xFF, 0xFF, 0xFF, 0xFF, 0xFF, 0xFF, 0xFF,
    0xFF, 0xFF, 0xFE, 0x32, 0x6D, 0xE0, 0x5E, 0x1F, 0xFF, 0xFF, 0xE6, 0x7D, 0xE7, 0xFF, 0xFF, 0xFB,
    0xBF, 0x5F, 0x3F, 0xFF, 0xFF, 0xFF, 0xFF, 0xFF, 0xFF, 0xFF, 0xFF, 0xFE, 0xB2, 0x6D, 0x54, 0x03,
    0xDF, 0xFF, 0xFF, 0xDE, 0x7D, 0xE7, 0xFF, 0xFF, 0xFB, 0xAF, 0x5F, 0xDF, 0xFF, 0xFF, 0xFF, 0xFF,
    0xFF, 0xFF, 0xFF, 0xFF, 0xFE, 0xB2, 0x6D, 0x20, 0x00, 0x1F, 0xFF, 0xFF, 0x98, 0x7D, 0xE7, 0xFF,
    0xFF, 0xFB, 0xAF, 0x5F, 0xEF, 0xFF, 0xFF, 0xFF, 0xFF, 0xFF, 0xFF, 0xFF, 0xFF, 0xFC, 0xB2, 0xED,
    0x13, 0xDB, 0xBF, 0xFF, 0xFF, 0x39, 0x7D, 0xE7, 0xFF, 0xFF, 0xFB, 0xAF, 0x5F, 0xEF, 0xFF, 0xFF,
    0xFF, 0xFF, 0xFF, 0xFF, 0xFF, 0xFF, 0xFC, 0xBA, 0xED, 0xCA, 0xDB, 0xBF, 0xFF, 0xFE, 0x73, 0x7D,
    0xE7, 0xFF, 0xFF, 0xF7, 0xAF, 0x5F, 0xEF, 0xFF, 0xFF, 0xFF, 0xFF, 0xFF, 0xFF, 0xFF, 0xFF, 0xFC,
    0xBC, 0xCF, 0xE2, 0x9F, 0xBF, 0xFF, 0xFC, 0xE7, 0x7D, 0xE7, 0xFF, 0xFF, 0xFF, 0xAF, 0x5F, 0xEF,
    0xFF, 0xFF, 0xFF, 0xFF, 0xFF, 0xFF, 0xFF, 0xFF, 0xFC, 0xBC, 0xCF, 0xF2, 0x9F, 0xBF, 0xFF, 0xF9,
    0xCF, 0x7D, 0xE7, 0xFF, 0xFF, 0xDF, 0xAF, 0x5F, 0xFF, 0xFF, 0xFF, 0xFF, 0xFF, 0xFF, 0xFF, 0xFF,
    0xFF, 0xF8, 0xBC, 0xCF, 0xFA, 0xDF, 0xBF, 0xFF, 0xF3, 0x93, 0x7D, 0xE7, 0xFF, 0xFF, 0xBF, 0xAF,
    0x5F, 0xFF, 0xFF, 0xFF, 0xFF, 0xFF, 0xFF, 0xFF, 0xFF, 0xFF, 0xF8, 0xFC, 0xDB, 0xFA, 0xDF, 0xBF,
    0xFF, 0xE7, 0x23, 0x7D, 0xE7, 0xFF, 0xFF, 0xBF, 0xAF, 0x5F, 0xFF, 0xFF, 0xFF, 0xFF, 0xFF, 0xFF,
    0xFF, 0xFF, 0xFF, 0xFA, 0xFC, 0xDB, 0xFA, 0xDF, 0xBF, 0xFF, 0xCE, 0x63, 0x7D, 0xE7, 0xFF, 0xFF,
    0xFF, 0xAF, 0x5F, 0xFF, 0xFF, 0xFF, 0xFF, 0xFF, 0xFF, 0xFF, 0xFF, 0xFF, 0xFA, 0xFC, 0xDB, 0xFA,
    0xDF, 0xBF, 0xFF, 0xDC, 0xC3, 0x7D, 0xE7, 0xFF, 0xFF, 0xFF, 0xAF, 0x5F, 0xFF, 0xFF, 0xFF, 0xFF,
    0xFF, 0xFF, 0xFF, 0xFF, 0xFF, 0xFA, 0xFE, 0xDB, 0xFA, 0xDF, 0xBF, 0xFF, 0xB9, 0x83, 0x7D, 0xE7,
    0xFF, 0xFF, 0xFF, 0xAF, 0x5F, 0xFF, 0xFF, 0xFF, 0xFF, 0xFF, 0xFF, 0xFF, 0xFF, 0xFF, 0xF2, 0xF7,
    0xDB, 0xFA, 0xDF, 0xBF, 0xFF, 0x73, 0x03, 0x7D, 0xE7, 0xFF, 0xFF, 0xFF, 0xBF, 0x5F, 0xFF, 0xEF,
    0xFF, 0xFF, 0xFF, 0xFF, 0xFF, 0xFF, 0xFF, 0xF6, 0xF3, 0xDF, 0xFA, 0xDF, 0xBF, 0xFE, 0xE6, 0x2B,
    0x7D, 0xE6, 0xFF, 0xFF, 0xFF, 0xBF, 0x5F, 0xFF, 0xF7, 0xFF, 0xFF, 0xFF, 0xFF, 0xFF, 0xFF, 0xFF,
    0xF6, 0xF3, 0xDF, 0xFB, 0xDF, 0xBF, 0xFD, 0xCC, 0x63, 0x7D, 0xE6, 0xFF, 0xFF, 0xFF, 0xBF, 0x5F,
    0xFF, 0xFF, 0xFF, 0xFF, 0xFF, 0xFF, 0xFF, 0xFF, 0xFF, 0xF6, 0xF3, 0xCF, 0xFB, 0xDF, 0xBF, 0xF9,
    0x98, 0xE3, 0x7D, 0xE7, 0xFF, 0xFF, 0xFF, 0xBF, 0x5F, 0xFF, 0xFF, 0xFF, 0xFF, 0xFF, 0xFF, 0xFF,
    0xFF, 0xFF, 0xE4, 0xF3, 0xDF, 0xFA, 0xDF, 0xBF, 0xF3, 0x31, 0xE3, 0x7D, 0xE7, 0xFF, 0xFF, 0xFF,
    0xBF, 0x5F, 0xFF, 0xFF, 0xFF, 0xFF, 0xFF, 0xFF, 0xFF, 0xFF, 0xFF, 0xCC, 0xF3, 0xDF, 0xFA, 0xDF,
    0xBF, 0xE6, 0x63, 0xE3, 0x7D, 0xE7, 0xFF, 0xFF, 0xFF, 0xBF, 0x5F, 0xFF, 0xFF, 0xFF, 0xFF, 0xFF,
    0xFF, 0xFF, 0xFF, 0xFF, 0x9D, 0xFF, 0xDF, 0x7A, 0xDF, 0xBF, 0xCC, 0xC7, 0xE3, 0x7D, 0xE7, 0xFF,
    0xFF, 0xFF, 0xBF, 0x5F, 0xFF, 0xFF, 0xFF, 0xFF, 0xFF, 0xFF, 0xFF, 0xFF, 0xFE, 0x3D, 0xE7, 0x5F,
    0x7B, 0xDF, 0x9F, 0x99, 0x8F, 0xE3, 0x7D, 0xE7, 0xFF, 0xFF, 0xFF, 0xBD, 0x5F, 0xFF, 0xFF, 0xFF,
    0xFF, 0xFF, 0xFF, 0xFF, 0xFF, 0xFD, 0xF9, 0xE7, 0x5F, 0xFB, 0xDF, 0x8F, 0x31, 0x1F, 0xE3, 0x7D,
    0xE7, 0xEF, 0xFF, 0xFF, 0xBD, 0x5F, 0xFF, 0xFF, 0xFF, 0xFF, 0xFF, 0xFF, 0xFF, 0xFF, 0xF9, 0xF9,
    0xE7, 0xDF, 0xFB, 0xDF, 0x8E, 0x62, 0x3F, 0xE3, 0x7D, 0xE7, 0xF7, 0xFF, 0xFF, 0xBD, 0x5F, 0xFF,
    0xFF, 0xFF, 0xFF, 0xFF, 0xFF, 0xFF, 0xFF, 0xFB, 0xF9, 0xEF, 0xFA, 0xFB, 0xDF, 0xA0, 0xC4, 0x7F,
    0xE3, 0x7D, 0xE3, 0x73, 0xFF, 0xFF, 0xBD, 0x5F, 0xFF, 0xFF, 0xFF, 0xFF, 0xFF, 0xFF, 0xFF, 0xC0,
    0x03, 0xF9, 0xEE, 0xFA, 0xFB, 0xDF, 0xB1, 0x88, 0xFF, 0xE3, 0x7D, 0xE0, 0x00, 0x00, 0x00, 0x1D,
    0x00, 0x00, 0x00, 0x00, 0x00, 0x00, 0x00, 0x00, 0x00, 0x3B, 0xD9, 0xEE, 0xFA, 0xFB, 0xDF, 0xBB,
    0x11, 0xFF, 0xE3, 0x7D, 0xE7, 0xFF, 0xFF, 0xFE, 0x1D, 0x00, 0x0F, 0xFF, 0xFF, 0xFF, 0xFF, 0xFF,
    0xFF, 0xE0, 0x03, 0xD9, 0xEE, 0xFB, 0xFB, 0xDF, 0x9F, 0x23, 0xFF, 0xE3, 0x7D, 0xE7, 0xFF, 0xFF,
    0xFF, 0xDD, 0x3F, 0xFF, 0xFF, 0xFF, 0xFF, 0xFF, 0xFE, 0x00, 0x00, 0x83, 0x59, 0xEE, 0x7B, 0xFB,
    0xDF, 0xAE, 0x43, 0xFF, 0xE3, 0x7D, 0xE7, 0xFF, 0xFF, 0xFF, 0xDD, 0x10, 0x3F, 0xFF, 0xFF, 0xFF,
    0xFE, 0x00, 0x05, 0xC0, 0x01, 0x59, 0xEE, 0x3B, 0xFB, 0xDF, 0xA4, 0x87, 0xFF, 0xE3, 0x7D, 0xE0,
    0x00, 0x00, 0x00, 0x1D, 0x00, 0x00, 0x00, 0x00, 0x00, 0x00, 0x0C, 0x00, 0x0F, 0x81, 0x59, 0xEE,
    0x3B, 0xFB, 0xDF, 0xB1, 0x0F, 0xFF, 0xE3, 0x7D, 0xE7, 0xFF, 0xFF, 0xFF, 0x9F, 0x0F, 0xFF, 0xFF,
    0xFF, 0xFD, 0xF2, 0xE0, 0x3F, 0xFE, 0xF9, 0x5D, 0xEE, 0x3B, 0x7B, 0xDF, 0xBB, 0x3F, 0xFF, 0xE3,
    0x75, 0xE7, 0xFF, 0xFF, 0xFF, 0xBD, 0x1F, 0xFF, 0xFF, 0xFF, 0xFD, 0xF0, 0xEB, 0xC0, 0x00, 0x3D,
    0x7D, 0xEE, 0x3F, 0x7B, 0xDF, 0xBA, 0x3F, 0xFF, 0xE3, 0x75, 0xE7, 0xFF, 0xFF, 0xFF, 0xBC, 0x19,
    0xFF, 0xFF, 0xFF, 0xFD, 0xF0, 0x6B, 0xF8, 0x3F, 0xC1, 0x7D, 0xFF, 0x3F, 0x7B, 0xDF, 0xBA, 0x3F,
    0xFF, 0xE3, 0x75, 0xE4, 0x00, 0x00, 0x00, 0xBC, 0x10, 0x00, 0x00, 0x00, 0x0D, 0xC0, 0x6B, 0xF9,
    0xC0, 0x05, 0x79, 0xFF, 0x3F, 0x7B, 0x5F, 0xBA, 0x3F, 0xFF, 0xE3, 0x75, 0xE4, 0x00, 0x00, 0x00,
    0xBC, 0x10, 0x00, 0x00, 0x00, 0x0D, 0xC0, 0x6B, 0xE0, 0x00, 0x05, 0xFD, 0xDF, 0x3F, 0x7B, 0x5F,
    0xBA, 0x3F, 0xFF, 0xE3, 0x75, 0xE5, 0x7F, 0xFF, 0xFC, 0xBC, 0x19, 0xFF, 0xFF, 0xFF, 0xCD, 0xCC,
    0x00, 0x07, 0xFF, 0xF5, 0xFD, 0xDF, 0x3C, 0x7B, 0x5F, 0xBA, 0x3F, 0xFF, 0xE3, 0x75, 0xE5, 0x7F,
    0xFF, 0xFC, 0xBE, 0x19, 0xFF, 0xFF, 0xFF, 0xCD, 0xCF, 0xC4, 0x9F, 0xFF, 0xF5, 0x7D, 0xDF, 0x00,
    0x7B, 0x5F, 0xBA, 0x3F, 0xFF, 0xE3, 0x75, 0xE5, 0x7F, 0xFF, 0xFC, 0xBF, 0x19, 0xFF, 0xFF, 0xFF,
    0xCD, 0xCF, 0xC0, 0x1F, 0xFF, 0xF4, 0xF5, 0xD8, 0x3F, 0x3B, 0x5F, 0xBA, 0x3F, 0xFF, 0xE3, 0x75,
    0xE5, 0x7F, 0xFF, 0xFC, 0xBF, 0x19, 0xFF, 0xFF, 0xFF, 0xCD, 0xCF, 0xC0, 0x1F, 0xFF, 0xF4, 0xF5,
    0xD0, 0x00, 0x9B, 0x5F, 0xBA, 0x3F, 0xFF, 0xE3, 0x75, 0xE5, 0x7F, 0xFF, 0xFC, 0xBF, 0x19, 0xFF,
    0xFF, 0xFF, 0xCD, 0xCF, 0xC0, 0x9F, 0xFF, 0xF0, 0xDD, 0xC3, 0xB3, 0xEB, 0x5F, 0xBA, 0x3F, 0xFF,
    0xE3, 0x7D, 0xE5, 0x7F, 0xFF, 0xFC, 0x9F, 0x19, 0xFF, 0xFF, 0xFF, 0xCD, 0xCF, 0xC0, 0x9F, 0xFF,
    0xF2, 0xDD, 0xC3, 0xA7, 0x73, 0x5F, 0xBA, 0x3F, 0xFF, 0xE3, 0x7D, 0xE5, 0x7F, 0xFF, 0xFC, 0xBF,
    0x19, 0xFF, 0xFF, 0xFF, 0xCD, 0xCF, 0xC0, 0x1F, 0xFF, 0xF2, 0xDD, 0xC2, 0xA7, 0x33, 0x5F, 0xBA,
    0x3F, 0xFF, 0xE3, 0x7D, 0xE5, 0x7F, 0xFF, 0xFC, 0xBF, 0x19, 0xFF, 0xFF, 0xFF, 0xCD, 0xCF, 0xC0,
    0x9F, 0xFF, 0xFA, 0xDD, 0x50, 0xA7, 0x99, 0x5F, 0xBA, 0x3F, 0xFF, 0xE3, 0x7D, 0xE5, 0x7F, 0xFF,
    0xFC, 0xBF, 0x19, 0xFF, 0xFF, 0xFF, 0xCD, 0xCF, 0xC4, 0x9F, 0xFF, 0xFA, 0xDD, 0x52, 0xE7, 0xCB,
    0x5F, 0xBA, 0x3F, 0xFF, 0xE3, 0x7D, 0xE5, 0x7F, 0xFF, 0xFC, 0xBF, 0x19, 0xFF, 0xFF, 0xFF, 0xCD,
    0xCF, 0xCC, 0x9F, 0xFF, 0xFA, 0xFD, 0x78, 0x00, 0xE3, 0xDF, 0xBA, 0x3F, 0xFF, 0xE3, 0x7D, 0xE5,
    0x7F, 0xFF, 0xFC, 0xB7, 0x19, 0xFF, 0xFF, 0xFF, 0xCD, 0xCF, 0xCC, 0x9F, 0xFF, 0xFA, 0xFD, 0x3F,
    0x40, 0xF1, 0xDF, 0xBA, 0x3F, 0xFF, 0xE3, 0x7D, 0xE5, 0x7F, 0xFF, 0xFC, 0xB7, 0x19, 0xFF, 0xFF,
    0xFF, 0xCD, 0xCF, 0xCC, 0xDF, 0xFF, 0xFA, 0x7C, 0x3F, 0x04, 0xF9, 0xDF, 0xBA, 0x3F, 0xFF, 0xE3,
    0x7D, 0xE5, 0x7F, 0xFF, 0xFC, 0xB7, 0x19, 0xFF, 0xFF, 0xFF, 0xCD, 0xCF, 0xCD, 0xDF, 0xFF, 0xF8,
    0x7C, 0x3F, 0x0C, 0xF9, 0xDF, 0xBA, 0x3F, 0xFF, 0xE3, 0x7D, 0xE5, 0x7F, 0xFF, 0xFC, 0xB7, 0x19,
    0xFF, 0xFF, 0xFF, 0xCD, 0xCF, 0xCD, 0xDF, 0xFF, 0xF8, 0x7C, 0x3F, 0x08, 0x01, 0xDF, 0xBA, 0x3F,
    0xFF, 0xE3, 0x7D, 0xE5, 0x7F, 0xFF, 0xFC, 0xB7, 0x19, 0xFF, 0xFF, 0xFF, 0xCD, 0xCF, 0xCD, 0xDF,
    0xFF, 0xF9, 0x7C, 0x3F, 0x48, 0x01, 0xDF, 0xBA, 0x3F, 0xFF, 0xE3, 0x7D, 0xE5, 0x7F, 0xFF, 0xFC,
    0xB7, 0x19, 0xFF, 0xFF, 0xFF, 0xCD, 0xCF, 0xCD, 0xDF, 0xFF, 0xF9, 0x7C, 0x3F, 0x48, 0xF9, 0xDF,
    0xBA, 0x3F, 0xFF, 0xE3, 0x7D, 0xE5, 0x7F, 0xFF, 0xFC, 0xB7, 0x19, 0xFF, 0xFF, 0xFF, 0xCD, 0xCF,
    0xCD, 0xDF, 0xFF, 0xF9, 0x5E, 0x3F, 0x48, 0x01, 0xDF, 0xBA, 0x3F, 0xFF, 0xE3, 0x7D, 0xE5, 0x7F,
    0xFF, 0xFC, 0xB3, 0x19, 0xFF, 0xFF, 0xFF, 0xCD, 0xCF, 0xE1, 0x1F, 0xFF, 0xF9, 0x5E, 0x3F, 0x48,
    0x01, 0xDF, 0xBA, 0x3F, 0xFF, 0xE3, 0x7D, 0xE5, 0x7F, 0xFF, 0xFC, 0xB3, 0x19, 0xFF, 0xFF, 0xFF,
    0xCD, 0xCF, 0xEC, 0x5F, 0xFF, 0xFD, 0x3E, 0x7F, 0x48, 0xFB, 0xDF, 0xBA, 0x3F, 0xFF, 0xE3, 0x7D,
    0xE5, 0x7F, 0xFF, 0xFC, 0xBB, 0x19, 0xFF, 0xFF, 0xFF, 0xCD, 0xCF, 0xE5, 0x9F, 0xFF, 0xF9, 0x2E,
    0x3F, 0x4C, 0xFB, 0x9F, 0xB2, 0x00, 0x00, 0x23, 0x7D, 0xE5, 0x7F, 0xFF, 0xC0, 0xBB, 0x10, 0x00,
    0x03, 0xFF, 0xCD, 0xCF, 0xE1, 0x9F, 0xFF, 0xF9, 0x2E, 0x7F, 0x5C, 0xE3, 0x9F, 0x82, 0x01, 0xFC,
    0x03, 0x5D, 0xE5, 0x7F, 0xC0, 0x1C, 0x9B, 0x10, 0x0F, 0xF8, 0x00, 0x0D, 0xCF, 0xE1, 0x9F, 0xFF,
    0xC0, 0x00, 0x1F, 0x5C, 0xFB, 0x96, 0xBF, 0xF8, 0x00, 0x03, 0x5D, 0xE5, 0x00, 0x18, 0x00, 0x9B,
    0x1E, 0x00, 0x00, 0x00, 0x4D, 0xC0, 0x01, 0x80, 0x38, 0x1C, 0x03, 0x80, 0x1E, 0xFB, 0x96, 0xBF,
    0xFF, 0xFF, 0xFF, 0x5D, 0xE4, 0x7C, 0x03, 0xFF, 0x9B, 0x1F, 0xFF, 0xFF, 0xFE, 0x0D, 0xC0, 0x01,
    0x9F, 0xC1, 0x88, 0x1B, 0xCF, 0xDE, 0xFB, 0x96, 0xBF, 0xFF, 0xFF, 0xFF, 0x5D, 0xE4, 0x03, 0xFF,
    0xFE, 0x12, 0x00, 0x7F, 0xFF, 0xFF, 0xFD, 0xFF, 0xC1, 0x80, 0x03, 0xE1, 0xCF, 0x4F, 0xDE, 0xFB,
    0x96, 0x83, 0xFF, 0xFF, 0xFF, 0x5D, 0xE7, 0xFF, 0xFE, 0x00, 0x12, 0x00, 0x00, 0x00, 0x0F, 0xFD,
    0xFF, 0xE1, 0x83, 0x0F, 0xFC, 0x1E, 0x7F, 0xC0, 0x00, 0x00, 0x00, 0x00, 0x1F, 0xFF, 0x5D, 0xE7,
    0xFF, 0x00, 0x07, 0xD2, 0x3F, 0xF8, 0x00, 0x00, 0x00, 0x0F, 0xE5, 0x98, 0xFF, 0xCC, 0xF3, 0xFC,
    0x4C, 0xFF, 0xCF, 0xFE, 0x00, 0x00, 0x00, 0x5D, 0xE7, 0x80, 0x01, 0xFF, 0xD3, 0x3F, 0xFF, 0xFF,
    0xF8, 0x00, 0x00, 0x05, 0x03, 0xFE, 0x74, 0x1F, 0xF1, 0xEF, 0xFF, 0xFF, 0x80, 0xEF, 0xFC, 0x00,
    0x5D, 0xE0, 0x01, 0xFF, 0xFF, 0x1B, 0x20, 0x7F, 0xFF, 0xFF, 0xFF, 0xFF, 0x10, 0x0F, 0xFF, 0xE1,
    0xDF, 0xA7, 0x2D, 0xFF, 0x00, 0x7F, 0xCF, 0xFF, 0xFF, 0x5D, 0xE0, 0xFF, 0xFF, 0xFF, 0xDB, 0x3F,
    0xFF, 0xFF, 0xFF, 0xFF, 0xFF, 0x40, 0x3F, 0xFF, 0x9C, 0xFE, 0x38, 0xED, 0x01, 0xFF, 0x80, 0x0F,
    0xFF, 0xF1, 0x5D, 0xE7, 0xFF, 0xFF, 0xFF, 0xDB, 0x3F, 0xFF, 0xFF, 0xFF, 0xFF, 0xFF, 0x7C, 0x07,
    0xF9, 0xFF, 0xFC, 0xC7, 0xED, 0xFF, 0xE0, 0x00, 0x3F, 0x81, 0xFF, 0x5D, 0xE7, 0xFF, 0xFF, 0xF8,
    0x00, 0x00, 0x07, 0xFF, 0xFF, 0xFF, 0xFF, 0x3C, 0x70, 0x47, 0xFF, 0xFC, 0x60, 0xED, 0xC0, 0x07,
    0xFF, 0x3F, 0xFF, 0xFF, 0x55, 0xE7, 0xFF, 0xFE, 0x01, 0xF9, 0x7F, 0x80, 0x00, 0x1F, 0xFF, 0xFF,
    0x85, 0xFF, 0x01, 0xFF, 0xE3, 0x01, 0xED, 0x07, 0xFF, 0xFF, 0xBF, 0xF8, 0x7F, 0x55, 0xE7, 0xFF,
    0xC0, 0x7F, 0x1F, 0xFC, 0x3F, 0xFE, 0x00, 0x00, 0xFF, 0xB0, 0x7F, 0x9C, 0x1F, 0x9D, 0xCF, 0xEC,
    0xFF, 0xFF, 0xFF, 0x80, 0x7F, 0xFF, 0x55, 0xE7, 0xE0, 0x1F, 0xBF, 0xFF, 0x03, 0xFF, 0xFF, 0xE0,
    0xF8, 0x00, 0x3F, 0x03, 0xBF, 0xE0, 0x3F, 0xFF, 0xED, 0xFF, 0xFF, 0xFF, 0xB8, 0x00, 0x0F, 0x55,
    0xE0, 0x07, 0xFF, 0xFF, 0xC1, 0xFF, 0xFF, 0xFC, 0x1F, 0xFF, 0xFC, 0x3C, 0xF8, 0x1F, 0xFE, 0x80,
    0x1F, 0xCD, 0xFF, 0xFF, 0xFF, 0xBE, 0x07, 0xC0, 0x15, 0x83, 0xFF, 0xFF, 0xFC, 0x3F, 0xFF, 0xFF,
    0xC3, 0xFF, 0xFF, 0xE7, 0x83, 0x87, 0xC0, 0xFE, 0xFF, 0x00, 0x20, 0xFF, 0xFF, 0xFF, 0x80, 0xFF,
    0xFF, 0x00, 0x1F, 0xFF, 0xFF, 0x03, 0xFF, 0xFF, 0xF8, 0x7F, 0xFF, 0xFE, 0x7F, 0x00, 0x3C, 0xFE,
    0x03, 0xFF, 0xFE, 0x00, 0xFF, 0xFF, 0xF0, 0x3F, 0xFF, 0xFF, 0x0F, 0xFF, 0xFF, 0xF0, 0xFC, 0x03,
    0xFF, 0x0F, 0xFF, 0xFF, 0xC7, 0xFF, 0x60, 0x0F, 0xFF, 0xF8, 0x0F, 0xFE, 0xFD, 0xFF, 0xF8, 0x03,
    0xFF, 0xFF, 0xE1, 0xFF, 0xFF, 0xFE, 0x3F, 0xFF, 0xFF, 0xC1, 0xFF, 0xFF, 0xFC, 0x7F, 0xFF, 0x00,
    0x03, 0xFF, 0xFF, 0xC0, 0x3E, 0xFD, 0xF8, 0x03, 0xFF, 0xFF, 0xF0, 0x7F, 0xFF, 0xFF, 0x87, 0xFF,
    0xFF, 0xFC, 0x3F, 0xFF, 0xFF, 0xC7, 0xFF, 0xFF, 0x80, 0x00, 0x1F, 0xFF, 0xF0, 0x00, 0x3D, 0x01,
    0xFF, 0xFF, 0xFE, 0x1F, 0xFF, 0xFF, 0xF0, 0xFF, 0xFF, 0xFF, 0xC7, 0xFF, 0xFF, 0xFC, 0x7F, 0xFF,
    0xFF, 0x08, 0x3E, 0x00, 0xFF, 0xFB, 0x00, 0x00, 0x7F, 0xFF, 0xFF, 0x03, 0x00, 0xFF, 0xFC, 0x1F,
    0xFF, 0xFF, 0xF9, 0xFF, 0xFF, 0xFF, 0x87, 0xFF, 0xFF, 0xF8, 0xEC, 0x03, 0xE0, 0x03, 0xFF, 0xDF,
    0x0C, 0xFF, 0xFF, 0xE0, 0xFF, 0xFF, 0x80, 0x07, 0xFF, 0xFF, 0xE0, 0x07, 0xFF, 0xFF, 0xFC, 0x7F,
    0xFF, 0xFF, 0x8F, 0xEC, 0x38, 0x3F, 0x80, 0x1F, 0xFF, 0xFD, 0xFF, 0xF8, 0x3F, 0xFF, 0xFF, 0xF0,
    0xFF, 0xFF, 0xFC, 0x1F, 0xF0, 0x00, 0xFF, 0xC7, 0xFF, 0xFF, 0xFC, 0xFF, 0xEC, 0x3F, 0x01, 0xFC,
    0x00, 0x3F, 0xFD, 0xFC, 0x1F, 0xFF, 0xFF, 0xFC, 0x3F, 0xFF, 0xFF, 0x03, 0xE1, 0x03, 0xFF, 0x00,
    0x07, 0xFF, 0xFF, 0xCF, 0xFF, 0xEE, 0x39, 0xFC, 0x07, 0xF0, 0x00, 0x7C, 0x87, 0xFF, 0xFF, 0xFF,
    0x87, 0xFF, 0xFF, 0xF0, 0x7E, 0x1F, 0xFC, 0x01, 0xFF, 0xF0, 0x01, 0xFC, 0x7F, 0xFF, 0xEE, 0x2F,
    0xFF, 0xE0, 0x3F, 0xF0, 0x00, 0xFF, 0xFF, 0xFF, 0xF0, 0xFF, 0xFF, 0xFE, 0x0F, 0xC3, 0xFF, 0xFF,
    0xFF, 0x00, 0x7F, 0xF8, 0x00, 0x1F, 0xFF, 0xCE, 0x1F, 0xFF, 0xE4, 0x00, 0x7F, 0xC1, 0xFF, 0xFF,
    0xFE, 0x1F, 0xFF, 0xFF, 0xC1, 0xFC, 0x3F, 0xFF, 0xFF, 0xFF, 0xFF, 0xF0, 0x0F, 0xFF, 0xC0, 0x07,
    0x5F, 0x1F, 0xFF, 0x9D, 0x8E, 0x00, 0x0E, 0xFF, 0xFF, 0x83, 0xFF, 0xFF, 0xF8, 0x1F, 0x83, 0xFF,
    0xFF, 0xFF, 0xFF, 0xFF, 0xFF, 0xF8, 0x01, 0xFF, 0xF0, 0x0F, 0x9F, 0xFE, 0xF8, 0x07, 0xF8, 0x00,
    0xFF, 0xF0, 0xFF, 0xFF, 0xFF, 0x03, 0xF0, 0xFF, 0xFF, 0xFF, 0xFF, 0xFF, 0xFF, 0xFF, 0xFF, 0xFF,
    0x80, 0x1F, 0xE7, 0x00, 0x01, 0xFB, 0x07, 0xFF, 0xA0, 0xFE, 0x1F, 0xFF, 0xFF, 0xE0, 0xFF, 0x0F,
    0xFF, 0xFF, 0xFF, 0xFF, 0xFF, 0xFF, 0xFF, 0xFF, 0xFF, 0xFF, 0xF0, 0x0E, 0x3F, 0xFC, 0x00, 0x80,
    0xFF, 0xB8, 0x83, 0xFF, 0xFF, 0xFC, 0x0F, 0xE0, 0xFF, 0xFF, 0xFF, 0xFF, 0xFF, 0xFF, 0xFF, 0xFF,
    0xFF, 0xFF, 0xFF, 0xFF, 0xEE, 0x10, 0x7F, 0x80, 0x80, 0x03, 0xB8, 0x1F, 0xFF, 0xFF, 0xC1, 0xFE,
    0x1F, 0xFF, 0xFF, 0xFF, 0xFF, 0xFF, 0xFF, 0xFF, 0xFF, 0xFF, 0xFF, 0xFF, 0xFF, 0xEE, 0x3F, 0xC0,
    0x00, 0x13, 0x00, 0x38, 0xF0, 0x1F, 0xF0, 0x3F, 0xC1, 0xFF, 0xFF, 0xFF, 0xFF, 0xFF, 0xFF, 0xFF,
    0xFF, 0xFF, 0xFF, 0xFF, 0xFF, 0xFF, 0xEE, 0x3F, 0xF0, 0x00, 0x94, 0x10, 0x38, 0xFF, 0xF0, 0x07,
    0xF8, 0x7F, 0xFF, 0xFF, 0xFF, 0xFF, 0xFF, 0xFF, 0xFF, 0xFF, 0xFF, 0xFF, 0xFF, 0xFF, 0xFF, 0xC7,
    0x1F, 0x00, 0xD8, 0x80, 0x0B, 0x3A, 0xFF, 0xE0, 0xFF, 0x87, 0xFF, 0xFF, 0xFF, 0xFF, 0xFF, 0xFF,
    0xFF, 0xFF, 0xFF, 0xFF, 0xFF, 0xFF, 0xFF, 0xFF, 0xC0, 0x1C, 0x04, 0x21, 0xA0, 0x00, 0x7E, 0xF8,
    0x0F, 0xF0, 0xFF, 0xFF, 0xFF, 0xFF, 0xFF, 0xFF, 0xFF, 0xFF, 0xFF, 0xFF, 0xFF, 0xFF, 0xFF, 0xFF,
    0xFF, 0xD8, 0x00, 0x21, 0x0C, 0x87, 0x80, 0x7F, 0x83, 0xFF, 0x1F, 0xFF, 0xFF, 0xFF, 0xFF, 0xFF,
    0xFF, 0xFF, 0xFF, 0xFF, 0xFF, 0xFF, 0xFF, 0xFF, 0xFF, 0xFF, 0xDC, 0x01, 0xEC, 0x7C, 0x0F, 0xFC,
    0x7E, 0x3F, 0xE0, 0xFF, 0xFF, 0xFF, 0xFF, 0xFF, 0xFF, 0xFF, 0xFF, 0xFF, 0xFF, 0xFF, 0xFF, 0xFF,
    0xFF, 0xFF, 0xFF, 0xCC, 0x0F, 0x61, 0xFD, 0xAF, 0xFF, 0x0E, 0xFC, 0x3F, 0xFF, 0xFF, 0xFF, 0xFF,
    0xFF, 0xFF, 0xFF, 0xFF, 0xFF, 0xFF, 0xFF, 0xFF, 0xFF, 0xFF, 0xFF, 0xFF, 0xCC, 0x00, 0x0F, 0xFD,
    0x8F, 0xFF, 0xB8, 0xC7, 0xFF, 0xFF, 0xFF, 0xFF, 0xFF, 0xFF, 0xFF, 0xFF, 0xFF, 0xFF, 0xFF, 0xFF,
    0xFF, 0xFF, 0xFF, 0xFF, 0xFF, 0xCC, 0xE0, 0x0F, 0xFC, 0x07, 0xFF, 0xB8, 0xFF, 0xFF, 0xFF, 0xFF,
    0xFF, 0xFF, 0xFF, 0xFF, 0xFF, 0xFF, 0xFF, 0xFF, 0xFF, 0xFF, 0xFF, 0xFF, 0xFF, 0xFF, 0xCC, 0x78,
    0x00, 0x7D, 0xC7, 0xFF, 0xB8, 0xFF, 0xFF, 0xFF, 0xFF, 0xFF, 0xFF, 0xFF, 0xFF, 0xFF, 0xFF, 0xFF,
    0xFF, 0xFF, 0xFF, 0xFF, 0xFF, 0xFF, 0xFF, 0xCC, 0xE6, 0x60, 0x05, 0xE7, 0xFF, 0xBE, 0xFF, 0xFF,
    0xFF, 0xFF, 0xFF, 0xFF, 0xFF, 0xFF, 0xFF, 0xFF, 0xFF, 0xFF, 0xFF, 0xFF, 0xFF, 0xFF, 0xFF, 0xFF,
    0xCC, 0x3A, 0xFE, 0x00, 0x0F, 0xFF, 0x1E, 0xFF, 0xFF, 0xFF, 0xFF, 0xFF, 0xFF, 0xFF, 0xFF, 0xFF,
    0xFF, 0xFF, 0xFF, 0xFF, 0xFF, 0xFF, 0xFF, 0xFF, 0xFF, 0xCD, 0x01, 0xFF, 0xF0, 0x03, 0xFF, 0x08,
    0xFF, 0xFF, 0xFF, 0xFF, 0xFF, 0xFF, 0xFF, 0xFF, 0xFF, 0xFF, 0xFF, 0xFF, 0xFF, 0xFF, 0xFF, 0xFF,
    0xFF, 0xFF, 0xC5, 0x38, 0x1E, 0x7F, 0x80, 0x3F, 0x70, 0xFF, 0xFF, 0xFF, 0xFF, 0xFF, 0xFF, 0xFF,
    0xFF, 0xFF, 0xFF, 0xFF, 0xFF, 0xFF, 0xFF, 0xFF, 0xFF, 0xFF, 0xFF, 0xE0, 0x3F, 0x81, 0xFF, 0xF0,
    0x03, 0x79, 0xFF, 0xFF, 0xFF, 0xFF, 0xFF, 0xFF, 0xFF, 0xFF, 0xFF, 0xFF, 0xFF, 0xFF, 0xFF, 0xFF,
    0xFF, 0xFF, 0xFF, 0xFF, 0xEC, 0x7F, 0xF8, 0x3F, 0xFF, 0x80, 0x79, 0xFF, 0xFF, 0xFF, 0xFF, 0xFF,
    0xFF, 0xFF, 0xFF, 0xFF, 0xFF, 0xFF, 0xFF, 0xFF, 0xFF, 0xFF, 0xFF, 0xFF, 0xFF, 0xCF, 0x7F, 0xFF,
    0x81, 0xFF, 0xF8, 0x79, 0xFF, 0xFF, 0xFF, 0xFF, 0xFF, 0xFF, 0xFF, 0xFF, 0xFF, 0xFF, 0xFF, 0xFF,
    0xFF, 0xFF, 0xFF, 0xFF, 0xFF, 0xFF, 0xC6, 0x3F, 0xFF, 0xFC, 0x0F, 0xE0, 0x79, 0xFF, 0xFF, 0xFF,
    0xFF, 0xFF, 0xFF, 0xFF, 0xFF, 0xFF, 0xFF, 0xFF, 0xFF, 0xFF, 0xFF, 0xFF, 0xFF, 0xFF, 0xFF, 0xD8,
    0xBF, 0xFF, 0xFF, 0xC0, 0x3F, 0x79, 0xFF, 0xFF, 0xFF, 0xFF, 0xFF, 0xFF, 0xFF, 0xFF, 0xFF, 0xFF,
    0xFF, 0xFF, 0xFF, 0xFF, 0xFF, 0xFF, 0xFF, 0xFF, 0xCF, 0x3F, 0xFF, 0xFF, 0xFC, 0x07, 0x79, 0xFF,
    0xFF, 0xFF, 0xFF, 0xFF, 0xFF, 0xFF, 0xFF, 0xFF, 0xFF, 0xFF, 0xFF, 0xFF, 0xFF, 0xFF, 0xFF, 0xFF,
    0xFF, 0xEE, 0x3F, 0xFF, 0xFF, 0xFF, 0xC1, 0x79, 0xFF, 0xFF, 0xFF, 0xFF, 0xFF, 0xFF, 0xFF, 0xFF,
    0xFF, 0xFF, 0xFF, 0xFF, 0xFF, 0xFF, 0xFF, 0xFF, 0xFF, 0xFF, 0xF0, 0x7F, 0xFF, 0xFF, 0xFF, 0xFC,
    0x79, 0xFF, 0xFF, 0xFF, 0xFF, 0xFF, 0xFF, 0xFF, 0xFF, 0xFF, 0xFF, 0xFF, 0xFF, 0xFF, 0xFF, 0xFF,
    0xFF, 0xFF, 0xFF, 0xFF, 0xFF, 0xFF, 0xFF, 0xFF, 0xFF, 0x38, 0xFF, 0xFF, 0xFF, 0xFF, 0xFF, 0xFF,
    0xFF, 0xFF, 0xFF, 0xFF, 0xFF, 0xFF, 0xFF, 0xFF, 0xFF, 0xFF, 0xFF, 0xFF, 0xFF, 0xFF, 0xFF, 0xFF,
    0xFF, 0xFF, 0x00, 0xFF, 0xFF, 0xFF, 0xFF, 0xFF, 0xFF, 0xFF, 0xFF, 0xFF, 0xFF, 0xFF, 0xFF, 0xFF,
    0xFF, 0xFF, 0xFF, 0xFF, 0xFF, 0xFF, 0xFF, 0xFF, 0xFF, 0xFF, 0xFF, 0xB0, 0xFF, 0xFF, 0xFF, 0xFF,
    0xFF, 0xFF, 0xFF, 0xFF, 0xFF, 0xFF, 0xFF, 0xFF, 0xFF, 0xFF, 0xFF, 0xFF, 0xFF, 0xFF, 0xFF, 0xFF,
    0xFF, 0xFF, 0xFF, 0xFF, 0xB0, 0xFF, 0xFF, 0xFF, 0xFF, 0xFF, 0xFF, 0xFF, 0xFF, 0xFF, 0xFF, 0xFF,
    0xFF, 0xFF, 0xFF, 0xFF, 0xFF, 0xFF, 0xFF, 0xFF, 0xFF, 0xFF, 0xFF, 0xFF, 0xFF, 0x36, 0xFF, 0xFF,
    0xFF, 0xFF, 0xFF, 0xFF, 0xFF, 0xFF, 0xFF, 0xFF, 0xFF, 0xFF, 0xFF, 0xFF, 0xFF, 0xFF, 0xFF, 0xFF,
    0xFF, 0xFF, 0xFF, 0xFF, 0xFF, 0xFF, 0x14, 0xFF, 0xFF, 0xFF, 0xFF, 0xFF, 0xFF, 0xFF, 0xFF, 0xFF,
    0xFF, 0xFF, 0xFF, 0xFF, 0xFF, 0xFF, 0xFF, 0xFF, 0xFF, 0xFF, 0xFF, 0xFF, 0xFF, 0xFF, 0xFF, 0x60,
    0xFF, 0xFF, 0xFF, 0xFF, 0xFF, 0xFF, 0xFF, 0xFF, 0xFF, 0xFF, 0xFF, 0xFF, 0xFF, 0xFF, 0xFF, 0xFF,
    0xFF, 0xFF, 0xFF, 0xFF, 0xFF, 0xFF, 0xFF, 0xFF, 0x78, 0xFF, 0xFF, 0xFF, 0xFF, 0xFF, 0xFF, 0xFF,
    0xFF, 0xFF, 0xFF, 0xFF, 0xFF, 0xFF, 0xFF, 0xFF, 0xFF, 0xFF, 0xFF, 0xFF, 0xFF, 0xFF, 0xFF, 0xFF,
    0xFF, 0x78, 0xFF, 0xFF, 0xFF, 0xFF, 0xFF, 0xFF, 0xFF, 0xFF, 0xFF, 0xFF, 0xFF, 0xFF, 0xFF, 0xFF,
    0xFF, 0xFF, 0xFF, 0xFF, 0xFF, 0xFF, 0xFF, 0xFF, 0xFF, 0xFF, 0x38, 0xFF, 0xFF, 0xFF, 0xFF, 0xFF,
    0xFF, 0xFF, 0xFF, 0xFF, 0xFF, 0xFF, 0xFF, 0xFF, 0xFF, 0xFF, 0xFF, 0xFF, 0xFF, 0xFF, 0xFF, 0xFF,
    0xFF, 0xFF, 0xFF, 0x81, 0x3F, 0xF9, 0xFF, 0xFF, 0xFF, 0xFF, 0xFF, 0xFF, 0xFF, 0xFF, 0xFF, 0xFF,
    0xFF, 0xFF, 0xFF, 0xFF, 0xFF, 0xFF, 0xFF, 0xFF, 0xFF, 0xFF, 0xFF, 0xFF, 0xFF, 0xFF, 0xFF, 0xFF,
    0xFF, 0xFF, 0xFF, 0xFF, 0xFF, 0xFF, 0xFF, 0xFF, 0xFF, 0xFF, 0xFF, 0xFF, 0xFF, 0xFF, 0xFF, 0xFF,
    0xFF, 0xFF, 0xFF, 0xFF, 0xFF, 0xFF, 0xFE, 0x7F, 0xFF, 0xFF, 0xFF, 0xFF, 0xFF, 0xFF, 0xFF, 0xFF,
    0xFF, 0xFF, 0xFF, 0xFF, 0xFF, 0xFF, 0xFF, 0xFF, 0xFF, 0xFF, 0xFF, 0xFF, 0xFF, 0xFF, 0xFF, 0xF3,
    0xFF, 0xFF, 0xFF, 0xFF, 0xFF, 0xFF, 0xFF, 0xFF, 0xFF, 0xFF, 0xFF, 0xFF, 0xFF, 0xFF, 0xFF, 0xFF,
    0xFF, 0xFF, 0xFF, 0xFF, 0xFF, 0xFF, 0xFF, 0xFF,
};

const uint8_t APP_VIDEO_FRAME_01[5000] = {
    0xAF, 0xF4, 0xFF, 0xFF, 0xFF, 0xE0, 0x01, 0xFF, 0x87, 0xFF, 0xFF, 0xC7, 0xFE, 0x7F, 0xFF, 0xFF,
    0xCF, 0xFF, 0xE0, 0x01, 0xFF, 0xFF, 0xFF, 0xFC, 0x00, 0xAF, 0x04, 0xFF, 0xFF, 0xFF, 0xF8, 0x00,
    0x7F, 0xF1, 0xFF, 0xFF, 0xF3, 0xFF, 0x9F, 0xE7, 0x3F, 0xF3, 0xBF, 0x80, 0xFF, 0x3F, 0xF8, 0x7F,
    0x00, 0x01, 0xA0, 0x64, 0xFF, 0xFF, 0xFF, 0xFE, 0x1D, 0x0F, 0xFC, 0x7F, 0xFF, 0xFC, 0x7E, 0x03,
    0xF9, 0xDF, 0xFC, 0xC0, 0x1F, 0xFF, 0xFF, 0xFF, 0x80, 0x00, 0x7F, 0x2C, 0x04, 0xFF, 0xFF, 0xFF,
    0xFF, 0x7D, 0xE3, 0xFF, 0x9F, 0xFF, 0xFF, 0x01, 0xF9, 0xFE, 0xFF, 0xF8, 0x0F, 0xFF, 0xFF, 0xFF,
    0xE0, 0x00, 0x3F, 0xFF, 0xA0, 0x74, 0xFF, 0xFF, 0xFF, 0xFF, 0x5D, 0x40, 0x7F, 0xE3, 0xFF, 0xFF,
    0xC7, 0xFE, 0x7F, 0xBC, 0x01, 0xFF, 0xFF, 0xFF, 0xF0, 0x00, 0x0F, 0xFF, 0xFF, 0x2F, 0xF4, 0xFF,
    0xFF, 0xFF, 0xFF, 0x4D, 0x40, 0x1F, 0xF8, 0xFF, 0xFF, 0xF1, 0xFF, 0x8F, 0x00, 0xFF, 0xFF, 0xFF,
    0xF8, 0x00, 0x07, 0xFF, 0xFF, 0xFF, 0xAF, 0xF4, 0xFF, 0xFF, 0x3F, 0xFF, 0x4D, 0x46, 0x07, 0xFE,
    0x3F, 0xE7, 0xFE, 0x7F, 0xE0, 0x3F, 0xFF, 0xFE, 0xFE, 0x00, 0x07, 0xFF, 0xFF, 0xFF, 0xFF, 0xAF,
    0xF4, 0xFF, 0xFE, 0xDF, 0xFF, 0x4D, 0x47, 0x80, 0xFF, 0x87, 0xF9, 0xFF, 0x80, 0x0F, 0xFF, 0xFF,
    0xFF, 0x00, 0x00, 0xFF, 0xFF, 0xFF, 0xFF, 0xFF, 0xAF, 0xF4, 0xFF, 0xFD, 0xEF, 0xFF, 0x45, 0x47,
    0xF0, 0x3F, 0xF1, 0xFF, 0x7C, 0x03, 0xFF, 0xFC, 0xFF, 0xC0, 0x00, 0xFF, 0xFF, 0xFF, 0xFF, 0xFF,
    0xFF, 0xAF, 0xF4, 0xFF, 0xFB, 0xF7, 0xFF, 0x45, 0xC7, 0xFC, 0x07, 0xFC, 0x7E, 0x00, 0x7F, 0xFF,
    0xFF, 0xF0, 0x00, 0x1F, 0xFF, 0xFF, 0xFF, 0xFF, 0xFF, 0xFF, 0xAF, 0xF4, 0xFF, 0xF3, 0xFB, 0xFF,
    0x55, 0xC7, 0xFF, 0x80, 0xFF, 0x00, 0x01, 0xFF, 0xFF, 0xF8, 0x00, 0x1F, 0xFF, 0xFF, 0xFF, 0xFF,
    0x7F, 0xFF, 0xFF, 0xAF, 0xF4, 0xFF, 0xE7, 0xFD, 0xFF, 0x55, 0xC7, 0xFB, 0xE0, 0x77, 0x4E, 0x7F,
    0xFF, 0xFE, 0x00, 0x02, 0x7F, 0xFF, 0xFF, 0xFF, 0xFF, 0x7F, 0xFF, 0xFF, 0xAF, 0xF4, 0xFF, 0xEF,
    0xFE, 0xFF, 0x55, 0xC7, 0xF7, 0xFC, 0x0E, 0x8E, 0x7F, 0xFF, 0x00, 0x03, 0xF6, 0x7F, 0xFF, 0xFF,
    0xFF, 0xFF, 0x7F, 0xFF, 0xFF, 0xAF, 0xF4, 0xFF, 0xDF, 0xFF, 0x7F, 0x75, 0xC7, 0xEF, 0xFD, 0x03,
    0x0E, 0x4F, 0xC0, 0x01, 0xF7, 0xF6, 0x7F, 0xFF, 0xFF, 0xFF, 0xFF, 0xFF, 0xFF, 0xFF, 0xAE, 0x04,
    0xFF, 0xBF, 0xFF, 0xBF, 0x75, 0xC7, 0xFF, 0xFF, 0xC0, 0x4E, 0x70, 0x00, 0x3F, 0xFF, 0xF6, 0x7F,
    0xFF, 0xFF, 0xFF, 0xFF, 0xFF, 0xFF, 0xFF, 0x80, 0xF8, 0xFF, 0x7F, 0xFF, 0xDF, 0x75, 0xC7, 0xDF,
    0xFF, 0xF8, 0x00, 0x00, 0x3F, 0xFF, 0xEF, 0xF6, 0x7F, 0xFF, 0xFF, 0xFF, 0xFF, 0xFF, 0xFF, 0xFF,
    0x7F, 0xF8, 0xFE, 0xFF, 0xFF, 0xEF, 0x75, 0xC7, 0xBF, 0xFF, 0xFF, 0x00, 0x07, 0xFF, 0xFF, 0xDF,
    0xF6, 0x7F, 0xFF, 0xFF, 0xFF, 0xFF, 0xFF, 0xFF, 0xFF, 0xFE, 0x00, 0xFD, 0xFF, 0xFF, 0xF7, 0x75,
    0xC7, 0x7F, 0xFF, 0x7E, 0x06, 0xC1, 0xFF, 0xFF, 0xDF, 0xF6, 0x7F, 0xFF, 0xFF, 0xFF, 0xFF, 0xFF,
    0xFF, 0xFF, 0xC0, 0x0F, 0xF9, 0xFF, 0xFF, 0xFB, 0x75, 0xC6, 0xFF, 0xFF, 0x7E, 0x7F, 0xF9, 0xFF,
    0xFF, 0xBF, 0xF6, 0x7F, 0xFF, 0xFF, 0xFF, 0xFF, 0xFF, 0xFF, 0xFF, 0x03, 0xFF, 0xF3, 0xFF, 0xFF,
    0xFD, 0x75, 0xC6, 0xFF, 0xFF, 0x78, 0xF7, 0xF8, 0x7F, 0xFF, 0xBF, 0xF6, 0x7F, 0xFF, 0xFF, 0xFF,
    0xFF, 0xFF, 0xFF, 0xFF, 0xFF, 0xFF, 0xE1, 0xFF, 0xFF, 0xFD, 0x75, 0xE6, 0xFF, 0xFF, 0xB9, 0xA7,
    0xEE, 0x7F, 0xFF, 0x7F, 0xF6, 0x7F, 0xFF, 0xFF, 0xFF, 0xFF, 0xFF, 0xFF, 0xFF, 0xFF, 0xFF, 0xCC,
    0xFF, 0xFF, 0xFB, 0x75, 0xF7, 0xFF, 0xFF, 0xD3, 0xBF, 0xF6, 0x7F, 0xFC, 0xFF, 0xF6, 0x7F, 0xFF,
    0xFF, 0xFF, 0xFF, 0xFF, 0xFF, 0xFF, 0xFF, 0xFF, 0xDC, 0x7F, 0xFF, 0xF3, 0x75, 0xE5, 0xFF, 0xFF,
    0xE3, 0x3F, 0xE7, 0x3F, 0xFF, 0xFF, 0xF6, 0x7F, 0xFF, 0xFF, 0xFF, 0xFF, 0xE0, 0x0F, 0xFF, 0xFF,
    0xFF, 0xB6, 0x7F, 0xFF, 0xF7, 0x75, 0xE3, 0xFF, 0xFF, 0xF3, 0x3F, 0xFF, 0x3F, 0xFB, 0xFF, 0xF6,
    0x7F, 0xFF, 0xFF, 0xFF, 0xE0, 0x0F, 0x8F, 0xFF, 0xFF, 0xFF, 0x63, 0x3F, 0xFF, 0xEF, 0x75, 0xE7,
    0xFF, 0xFF, 0xF3, 0xA4, 0x81, 0x3F, 0xFB, 0xFF, 0xF6, 0x7F, 0xFF, 0xFF, 0xC0, 0x07, 0xFF, 0x4F,
    0xFF, 0xFF, 0xFE, 0xC5, 0x8F, 0xFF, 0xDF, 0x7D, 0xE7, 0xFF, 0xFF, 0xF3, 0x00, 0x03, 0x3F, 0xFF,
    0xFF, 0xF6, 0x7F, 0xFF, 0x80, 0x1F, 0xFF, 0xFE, 0xCF, 0xFF, 0xFF, 0xFC, 0x8E, 0xCF, 0xFF, 0xBF,
    0x7D, 0xE7, 0xFF, 0xFF, 0xF2, 0x00, 0x03, 0x3F, 0xE7, 0xFF, 0xF6, 0x7F, 0xC0, 0x3F, 0xFF, 0xFF,
    0x80, 0xCF, 0xFF, 0xFF, 0xFD, 0x9E, 0x67, 0xFF, 0x7F, 0x7D, 0xE7, 0xFF, 0xFF, 0xF2, 0x08, 0x41,
    0x3F, 0xDF, 0xFF, 0xF6, 0x00, 0x1F, 0xFF, 0xFF, 0x00, 0x00, 0xCF, 0xFF, 0xFF, 0xFB, 0x3F, 0x33,
    0xFE, 0xFF, 0x7D, 0xE7, 0xFF, 0xFF, 0xF2, 0x1D, 0xE1, 0x3F, 0xBF, 0xFF, 0xF6, 0x3F, 0xFF, 0xFF,
    0x00, 0x07, 0xFE, 0xCF, 0xFF, 0xFF, 0xF6, 0x3F, 0x99, 0xFD, 0xFF, 0x7D, 0xE7, 0xFF, 0xFF, 0xF0,
    0x00, 0x00, 0x7F, 0xFF, 0xFF, 0xF5, 0xFF, 0xFE, 0x00, 0x03, 0xFF, 0xFE, 0xCF, 0xFF, 0xFF, 0xEC,
    0xFF, 0xCC, 0xFB, 0xFF, 0x7D, 0xF7, 0xFF, 0xFF, 0xF8, 0x83, 0x04, 0x7F, 0xFF, 0xFF, 0xF3, 0xF0,
    0x00, 0x0F, 0xFF, 0xFF, 0xFE, 0xCF, 0xFF, 0xFF, 0xD8, 0xFF, 0xE6, 0x77, 0xFF, 0x7D, 0xF7, 0xFF,
    0xFF, 0xF8, 0x83, 0x84, 0x7F, 0xFF, 0xFF, 0xF0, 0x00, 0x1F, 0xFF, 0xFF, 0xFF, 0xFE, 0xCF, 0xFF,
    0xFF, 0x91, 0xFF, 0xF3, 0x2F, 0xFF, 0x7D, 0xE7, 0xFF, 0xFF, 0xF8, 0xFF, 0xFC, 0x7F, 0xFF, 0xFF,
    0xF0, 0x1F, 0xFF, 0xFF, 0xFF, 0xFF, 0xFE, 0xCF, 0xFF, 0xFF, 0xB3, 0xFF, 0xF9, 0x9F, 0xFF, 0x7D,
    0xE7, 0xFF, 0xFF, 0xF8, 0xFF, 0xFC, 0x7F, 0xFF, 0xFF, 0xFF, 0xFF, 0xFF, 0xFF, 0xFF, 0xFF, 0xFE,
    0xCF, 0xFF, 0xFF, 0x23, 0xFF, 0xFB, 0x1F, 0xFF, 0x7D, 0xE7, 0xFF, 0xFF, 0xF8, 0xFF, 0xFC, 0xFF,
    0xFF, 0xFF, 0xFF, 0xFF, 0xFF, 0xFF, 0xFF, 0xFF, 0xFE, 0xCF, 0xFF, 0xFE, 0x31, 0xFF, 0xF6, 0x3F,
    0xFF, 0x7D, 0xE7, 0xFF, 0xFF, 0xFC, 0x7D, 0xF8, 0xFF, 0xFF, 0xFF, 0xFF, 0xFF, 0xFF, 0xFF, 0xFF,
    0xFF, 0xFE, 0xCF, 0xFF, 0xFD, 0x99, 0xFF, 0xEC, 0x7F, 0xFF, 0x7D, 0xE7, 0xFF, 0xFF, 0xFE, 0x7C,
    0xF9, 0xEF, 0xFF, 0xFF, 0xFF, 0xFF, 0xFF, 0xFF, 0xFF, 0xFF, 0xFE, 0xCF, 0xFF, 0xFB, 0xCC, 0xFF,
    0xCC, 0xFF, 0xFF, 0x7D, 0xE7, 0xFF, 0xFF, 0xFE, 0x7F, 0xFB, 0xEF, 0xFF, 0xFF, 0xFF, 0xFF, 0xFF,
    0xFF, 0xFF, 0xFF, 0xFE, 0xCF, 0xFF, 0xF7, 0xE6, 0x7F, 0x99, 0xFF, 0xFF, 0x7D, 0xE7, 0xFF, 0xFF,
    0xFE, 0x38, 0x33, 0xFF, 0xFF, 0xFF, 0xFF, 0xFF, 0xFF, 0xFF, 0xFF, 0xFF, 0xFE, 0xCF, 0xFF, 0xE7,
    0xF3, 0x3F, 0x33, 0xFF, 0xFF, 0x7D, 0xE7, 0xFF, 0xFF, 0xFF, 0x3C, 0xF1, 0xFF, 0xFF, 0xFF, 0xFF,
    0xFF, 0xFF, 0xFF, 0xFF, 0xFF, 0xFE, 0xCF, 0xFF, 0xCF, 0xF9, 0x9F, 0x63, 0xFF, 0xFF, 0x7D, 0xE7,
    0xFF, 0xFF, 0xE0, 0x1F, 0xE8, 0x0F, 0xFF, 0xFF, 0xFF, 0xFF, 0xFF, 0xFF, 0xFF, 0xFF, 0xFE, 0xCF,
    0xFF, 0x9F, 0xFC, 0xCE, 0xC7, 0xFF, 0xFF, 0x7D, 0xE7, 0xFF, 0xFF, 0xCC, 0x4F, 0xC8, 0xEF, 0xFF,
    0xFF, 0xFF, 0xFF, 0xFF, 0xFF, 0xFF, 0xFF, 0xFE, 0xCF, 0xFF, 0x3F, 0xFE, 0x65, 0x8F, 0xFF, 0xFF,
    0x7D, 0xE7, 0xFF, 0xFF, 0xD0, 0x00, 0x00, 0x27, 0xFF, 0xFF, 0xFF, 0xFF, 0xFF, 0xFF, 0xFF, 0xFF,
    0xFE, 0xCF, 0xFF, 0x7F, 0xFE, 0x33, 0x1F, 0xFF, 0xFF, 0x7D, 0xE7, 0xFF, 0xFE, 0x18, 0x08, 0x00,
    0x30, 0xFF, 0xFF, 0xFF, 0xFF, 0xFF, 0xFF, 0xFF, 0xFF, 0xFE, 0xCF, 0xFF, 0xFF, 0xFF, 0x17, 0x3F,
    0xFF, 0xFF, 0x7D, 0xE7, 0xFF, 0xE1, 0xB9, 0x05, 0x86, 0x7A, 0x1F, 0xFF, 0xFF, 0xFF, 0xFF, 0xFF,
    0xFF, 0xFF, 0xFE, 0xCF, 0xFF, 0xFF, 0xFF, 0xCC, 0x7F, 0xFF, 0xFF, 0x7D, 0xE7, 0xFF, 0x93, 0x9D,
    0xE4, 0x99, 0xE6, 0x63, 0xFF, 0xFF, 0xFF, 0xFF, 0xFF, 0xFF, 0xFF, 0xFE, 0xCF, 0xFF, 0xFF, 0xFF,
    0xEC, 0xFF, 0xFF, 0xFF, 0x7D, 0xE7, 0xFF, 0x3C, 0xCE, 0xE3, 0x83, 0xCC, 0xF9, 0xFF, 0xFF, 0xFF,
    0xFF, 0xFF, 0xFF, 0xFF, 0xFE, 0xCF, 0xFF, 0xFF, 0xFF, 0xE1, 0xFF, 0xFF, 0xFF, 0x7D, 0xE7, 0xFF,
    0x3E, 0x66, 0x33, 0x0F, 0x99, 0xF1, 0xFF, 0xFF, 0xFF, 0xFF, 0xFF, 0xFF, 0xFF, 0xFE, 0xCC, 0x00,
    0xFF, 0xFF, 0xF1, 0xFF, 0xFF, 0xFF, 0x7D, 0xE7, 0xFE, 0x0F, 0x30, 0x00, 0x7E, 0x33, 0xC0, 0xFF,
    0xFF, 0xFF, 0xFF, 0xFF, 0xFF, 0xFF, 0xFE, 0xC1, 0xFF, 0xFF, 0xFF, 0xF5, 0xFF, 0xFF, 0xFF, 0x7D,
    0xE7, 0xFC, 0xE3, 0x80, 0x07, 0xF9, 0x4F, 0x9E, 0x7F, 0xFF, 0xFF, 0xFF, 0xFF, 0xFF, 0xFF, 0xFE,
    0xBF, 0xFF, 0xFF, 0xFF, 0xEE, 0xFF, 0xFF, 0xFF, 0x7D, 0xE7, 0xF3, 0xF8, 0xE3, 0x3F, 0x87, 0x3E,
    0x7F, 0x9F, 0xFF, 0xFF, 0xFF, 0xFF, 0xFF, 0xFF, 0xFE, 0x7F, 0xE0, 0xFF, 0xFF, 0xCF, 0x7F, 0xFF,
    0xFF, 0x7D, 0xE7, 0xE7, 0xFE, 0x21, 0x00, 0x7E, 0x7C, 0xFE, 0x4F, 0xFF, 0xFF, 0xFF, 0xFF, 0xFF,
    0xFF, 0xFE, 0x00, 0x00, 0xFF, 0xFF, 0x9F, 0xBF, 0xFF, 0xFF, 0x7D, 0xE7, 0xCF, 0xFE, 0x00, 0x00,
    0x03, 0xF0, 0xFF, 0xE7, 0xFF, 0xFF, 0xFF, 0xFF, 0xFF, 0xFF, 0xFE, 0x03, 0xFF, 0xFF, 0xFF, 0x3F,
    0xDF, 0xFF, 0xEF, 0x7D, 0xE7, 0xC3, 0xFE, 0x02, 0x3F, 0xBF, 0xE0, 0xFF, 0x97, 0xFF, 0xFF, 0xFF,
    0xFF, 0xFF, 0xFF, 0xFF, 0xFF, 0xFF, 0xFF, 0xFF, 0x7F, 0xEF, 0xFF, 0xEF, 0x7D, 0xE7, 0xD5, 0xFE,
    0x18, 0x07, 0xFF, 0x90, 0xF3, 0x57, 0xFF, 0xFF, 0xFF, 0xFF, 0xFF, 0xFF, 0xFF, 0xFF, 0xFF, 0xFF,
    0xFE, 0xFF, 0xF7, 0xFF, 0xFF, 0x7D, 0xE7, 0xD6, 0x7E, 0x3C, 0xC0, 0x7C, 0x70, 0xFC, 0xF7, 0xFF,
    0xFF, 0xFF, 0xFF, 0xFF, 0xFF, 0xFF, 0xFF, 0xFF, 0xFF, 0xFD, 0xFF, 0xFB, 0xFF, 0xFF, 0x7D, 0xE7,
    0xD7, 0x3C, 0x3E, 0xE6, 0x01, 0xF8, 0x79, 0xF7, 0xFF, 0xFF, 0xFF, 0xFF, 0xFF, 0xFF, 0xFF, 0xFF,
    0xFF, 0x7F, 0xFB, 0xFF, 0xFD, 0xFF, 0xFF, 0x7D, 0xE7, 0x9E, 0x48, 0x3E, 0x76, 0xFF, 0xF8, 0x26,
    0xF7, 0xFF, 0xFF, 0xFF, 0xFF, 0xFF, 0xFF, 0xFF, 0xFF, 0xFF, 0x7F, 0xF7, 0xFF, 0xFE, 0xFF, 0xFF,
    0x7D, 0xE7, 0x8E, 0x60, 0x3F, 0x3B, 0xFF, 0xF8, 0x0F, 0xE3, 0xFF, 0xFF, 0xFF, 0xFF, 0xFF, 0xFF,
    0xFF, 0xFF, 0xFF, 0xBF, 0xEF, 0xFF, 0xFE, 0x7F, 0xFF, 0x7D, 0xE7, 0x06, 0x60, 0x7F, 0xB9, 0xFF,
    0xF8, 0x0E, 0x43, 0xFF, 0xFF, 0xFF, 0xFF, 0xFF, 0xFF, 0xFF, 0xFF, 0xFF, 0xDF, 0xDF, 0xFF, 0xFF,
    0xBF, 0xFF, 0x7D, 0xE7, 0x80, 0x02, 0x7F, 0xDC, 0x7F, 0xFC, 0x80, 0x03, 0xFF, 0xFF, 0xFF, 0xFF,
    0xFF, 0xFF, 0xFF, 0xFF, 0xFF, 0xEF, 0xBF, 0xFF, 0xFF, 0xDF, 0xFF, 0x7D, 0xE7, 0x98, 0x02, 0x7F,
    0xC0, 0x3F, 0xFC, 0x80, 0x73, 0xFF, 0xFF, 0xFF, 0xFF, 0xFF, 0xFF, 0xFF, 0xFF, 0xFF, 0xF7, 0x3F,
    0xFF, 0xFF, 0xCF, 0xFF, 0x6D, 0xE7, 0xB7, 0x80, 0x5F, 0xE1, 0x3F, 0xF4, 0x13, 0xFB, 0xFF, 0xFF,
    0xFF, 0xFF, 0xFF, 0xFF, 0xFF, 0xFF, 0xFF, 0xFB, 0x7F, 0xFF, 0xFF, 0xE7, 0xFF, 0x6D, 0xE7, 0x17,
    0x10, 0xE7, 0xE7, 0x9F, 0xCC, 0x10, 0xF1, 0xFF, 0xFF, 0xFF, 0xFF, 0xFF, 0xFF, 0xFF, 0xFF, 0xFF,
    0xF8, 0xFF, 0xFF, 0xFF, 0xF3, 0xFF, 0x6D, 0xE7, 0x06, 0x10, 0xF9, 0xE3, 0x8F, 0x3E, 0x10, 0x81,
    0xFF, 0xFF, 0xFF, 0xFF, 0xFF, 0xFF, 0xFF, 0xFF, 0xFF, 0xFF, 0xFF, 0xFF, 0xFF, 0xF9, 0xFF, 0x6D,
    0xE7, 0x80, 0x20, 0xFF, 0xF0, 0x0F, 0xFF, 0x08, 0x0B, 0xFF, 0xFF, 0xFF, 0xFF, 0xFF, 0xFF, 0xFF,
    0xFF, 0xE0, 0xFF, 0xFF, 0xFF, 0xFF, 0xFC, 0xFF, 0x6D, 0xE7, 0xBE, 0x31, 0xFF, 0xF8, 0x2F, 0xFF,
    0x38, 0xFB, 0xFF, 0xFF, 0xFF, 0xFF, 0xFF, 0xFF, 0xFF, 0xFF, 0x00, 0xFF, 0x01, 0xFF, 0xFF, 0xFE,
    0xFF, 0x6D, 0xE7, 0x7E, 0x19, 0xFF, 0xFC, 0x37, 0xFF, 0x20, 0xFD, 0xFF, 0xFF, 0xFF, 0xFF, 0xFF,
    0xFF, 0xFF, 0xFC, 0x67, 0xFE, 0x7C, 0xFF, 0xFF, 0xFF, 0x7F, 0x69, 0xE7, 0x7C, 0x41, 0x8F, 0xFE,
    0x73, 0xE3, 0x08, 0x70, 0xFF, 0xFF, 0xFF, 0xFF, 0xFF, 0xFF, 0xFF, 0xF9, 0xE7, 0xFE, 0xFE, 0xFF,
    0xFF, 0xFF, 0xBF, 0x69, 0xE6, 0x05, 0x70, 0x0F, 0xFE, 0x39, 0xE1, 0x3C, 0x00, 0xFF, 0xFF, 0xFF,
    0xFF, 0xFF, 0xFF, 0xFF, 0xF3, 0x67, 0x3C, 0xFE, 0x7F, 0xFF, 0xFF, 0xDF, 0x7D, 0xE6, 0x00, 0x18,
    0xCF, 0xFE, 0x9C, 0xE6, 0x00, 0x01, 0xFF, 0xFF, 0xFF, 0xFF, 0xFF, 0xFF, 0xFF, 0xEB, 0x67, 0x9D,
    0xFF, 0x7F, 0xFF, 0xFF, 0xEF, 0x7D, 0xE7, 0xC5, 0xE1, 0x9F, 0xFE, 0xCE, 0x73, 0x1F, 0x77, 0xFF,
    0xFF, 0xFF, 0xFF, 0xFF, 0xFF, 0xFF, 0xDA, 0x67, 0xCC, 0xFE, 0x7F, 0xFF, 0xFF, 0xF6, 0x7D, 0xE7,
    0xDF, 0xF8, 0x23, 0xFE, 0xEF, 0x1C, 0x3F, 0xF3, 0xFF, 0xFF, 0xFF, 0xFF, 0xFF, 0xFF, 0xFF, 0x9A,
    0x6F, 0xE6, 0xFE, 0xFF, 0xFF, 0xFF, 0xFA, 0x7D, 0xE7, 0xDF, 0xF8, 0x83, 0xFE, 0xF7, 0x0E, 0x3F,
    0x71, 0xFF, 0xFF, 0xFF, 0xFF, 0xFF, 0xFF, 0xFF, 0xBA, 0x6F, 0x76, 0x7C, 0xFF, 0xFF, 0xFF, 0xF9,
    0x7D, 0xE7, 0xDD, 0xF0, 0x33, 0xFE, 0xF3, 0x02, 0x1F, 0x71, 0xFF, 0xFF, 0xFF, 0xFF, 0xFF, 0xFF,
    0xFF, 0x3A, 0x6F, 0x9A, 0x00, 0xFF, 0xFF, 0xFF, 0xFB, 0x7D, 0xE7, 0x9D, 0xF0, 0xE7, 0xFE, 0xFC,
    0x60, 0x5F, 0x60, 0xFF, 0xFF, 0xFF, 0xFF, 0xFF, 0xFF, 0xFF, 0x7A, 0x6D, 0xDC, 0x00, 0x7F, 0xFF,
    0xFF, 0xF7, 0x7D, 0xE7, 0xBD, 0xE0, 0x0B, 0xFE, 0xFC, 0x48, 0x4E, 0xC6, 0xFF, 0xFF, 0xFF, 0xFF,
    0xFF, 0xFF, 0xFE, 0x3A, 0x6D, 0xE0, 0x5E, 0x1F, 0xFF, 0xFF, 0xE6, 0x7D, 0xE7, 0xBE, 0xC8, 0x39,
    0xFE, 0xFE, 0x1C, 0x60, 0x06, 0x7F, 0xFF, 0xFF, 0xFF, 0xFF, 0xFF, 0xFE, 0xB2, 0x6D, 0x74, 0x03,
    0xDF, 0xFF, 0xFF, 0xDE, 0x7D, 0xE7, 0x3D, 0x88, 0x71, 0xFE, 0xFF, 0x9C, 0x01, 0xE7, 0x7F, 0xFF,
    0xFF, 0xFF, 0xFF, 0xFF, 0xFE, 0xB2, 0x6D, 0x20, 0x00, 0x1F, 0xFF, 0xFF, 0x98, 0x7D, 0xE4, 0x3E,
    0x99, 0x45, 0xFE, 0xFF, 0xC4, 0x0E, 0x07, 0x7F, 0xFF, 0xFF, 0xFF, 0xFF, 0xFF, 0xFC, 0xB2, 0xED,
    0x13, 0xDB, 0xBF, 0xFF, 0xFF, 0x31, 0x7D, 0xE4, 0x3E, 0xDB, 0x11, 0xFE, 0xFF, 0xF0, 0x20, 0x62,
    0x7F, 0xFF, 0xFF, 0xFF, 0xFF, 0xFF, 0xFC, 0xBE, 0xED, 0xCA, 0xDF, 0xBF, 0xFF, 0xFE, 0x73, 0x7D,
    0xE4, 0x0F, 0xCB, 0x32, 0xFF, 0xFF, 0xF0, 0x67, 0xF0, 0xFF, 0xFF, 0xFF, 0xFF, 0xFF, 0xFF, 0xFC,
    0xBC, 0xEF, 0xE2, 0x9F, 0xBF, 0xFF, 0xFC, 0xE7, 0x7D, 0xE5, 0x03, 0xC9, 0x30, 0x3F, 0xFF, 0xF8,
    0x24, 0x00, 0xFF, 0xFF, 0xFF, 0xFF, 0xFF, 0xFF, 0xFC, 0xBC, 0xCF, 0xF2, 0x9F, 0xBF, 0xFF, 0xF9,
    0xCF, 0x7D, 0xE5, 0xC9, 0xC8, 0x10, 0xBF, 0xFF, 0xE0, 0x23, 0x40, 0xFF, 0xFF, 0xFF, 0xFF, 0xFF,
    0xFF, 0xF8, 0xFC, 0xCF, 0xFA, 0x9F, 0xBF, 0xFF, 0xF3, 0x93, 0x7D, 0xE5, 0xF0, 0x08, 0x00, 0x20,
    0x00, 0x01, 0x66, 0x18, 0x7F, 0xFF, 0xFF, 0xFF, 0xFF, 0xFF, 0xF8, 0xFC, 0xDB, 0xFA, 0xDF, 0xBF,
    0xFF, 0xE7, 0x23, 0x7D, 0xE5, 0xF9, 0x82, 0x00, 0x00, 0x00, 0x3D, 0x20, 0x3E, 0x7F, 0xFF, 0xFF,
    0xFF, 0xFF, 0xFF, 0xFA, 0xFC, 0xDA, 0xFA, 0xDF, 0xBF, 0xFF, 0xCE, 0x6B, 0x7D, 0xE5, 0xF8, 0x04,
    0x0B, 0x87, 0x8B, 0x7C, 0x20, 0x7E, 0xFF, 0xFF, 0xFF, 0xFF, 0xFF, 0xFF, 0xFA, 0xFE, 0xDA, 0xFA,
    0xDF, 0xBF, 0xFF, 0xDC, 0xC3, 0x7D, 0xE5, 0xF9, 0x84, 0x89, 0x83, 0x8A, 0x7C, 0x06, 0x7E, 0xFF,
    0xFF, 0xFF, 0xFF, 0xFF, 0xFF, 0xFA, 0xFE, 0xDA, 0xFA, 0xDF, 0xBF, 0xFF, 0xB9, 0x83, 0x7D, 0xE5,
    0xF8, 0xC0, 0x89, 0xA7, 0x8F, 0xC0, 0x08, 0x7E, 0xFF, 0xFF, 0xFF, 0xFF, 0xFF, 0xFF, 0xF2, 0xF7,
    0xDA, 0xFA, 0xDF, 0xBF, 0xFF, 0x73, 0x03, 0x7D, 0xE5, 0xF0, 0x00, 0x80, 0x00, 0x00, 0x00, 0x22,
    0x3E, 0xFF, 0xFF, 0xFF, 0xFF, 0xFF, 0xFF, 0xF6, 0xF7, 0xDF, 0xFA, 0xDF, 0xBF, 0xFE, 0xE6, 0x23,
    0x7D, 0xE4, 0xF1, 0x81, 0x80, 0x00, 0x00, 0x07, 0x26, 0x3E, 0xFF, 0xFF, 0xFF, 0xFF, 0xFF, 0xFF,
    0xF6, 0xF3, 0xDF, 0xFA, 0xDF, 0xBF, 0xFD, 0xCC, 0x63, 0x7D, 0xE6, 0xF3, 0x81, 0x18, 0xC0, 0x1C,
    0x3F, 0x37, 0x3E, 0xFF, 0xFF, 0xFF, 0xFF, 0xFF, 0xFF, 0xF4, 0xF3, 0xCF, 0xFA, 0xDF, 0xBF, 0xF9,
    0x98, 0xE3, 0x7D, 0xE6, 0xF3, 0x81, 0x18, 0xC0, 0x38, 0x3F, 0x33, 0x3C, 0xFF, 0xFF, 0xFF, 0xFF,
    0xFF, 0xFF, 0xE4, 0xF3, 0xDF, 0xFB, 0xDF, 0xBF, 0xF3, 0x31, 0xE3, 0x7D, 0xE6, 0xF3, 0x0B, 0x38,
    0xE3, 0x18, 0x3F, 0xBB, 0x3C, 0xFF, 0xFF, 0xFF, 0xFF, 0xFF, 0xFF, 0xCC, 0xF3, 0xDF, 0xFB, 0xDF,
    0xBF, 0xE6, 0x63, 0xE3, 0x7D, 0xE6, 0xF1, 0x03, 0x30, 0x60, 0x39, 0x3F, 0x1B, 0x3D, 0xFF, 0xFF,
    0xFF, 0xFF, 0xFF, 0xFF, 0x9C, 0xFF, 0xDF, 0x7B, 0xDF, 0xBF, 0xCC, 0xC7, 0xE3, 0x7D, 0xE6, 0x70,
    0x52, 0x10, 0x60, 0x19, 0x0E, 0x00, 0x3D, 0xFF, 0xFF, 0xFF, 0xFF, 0xFF, 0xFE, 0x3D, 0xE7, 0xDF,
    0x7B, 0xDF, 0x9F, 0x99, 0x8F, 0xE3, 0x7D, 0xE6, 0x71, 0x46, 0x02, 0x70, 0x19, 0x01, 0xC3, 0x3D,
    0xFF, 0xFF, 0xFF, 0xFF, 0xFF, 0xFD, 0xF9, 0xE7, 0xDF, 0xFB, 0xDF, 0x8F, 0x31, 0x1F, 0xE3, 0x7D,
    0xE7, 0x70, 0x06, 0x62, 0x70, 0x71, 0x8F, 0xC8, 0x3D, 0xFF, 0xFF, 0xFF, 0xFF, 0xFF, 0xF9, 0xF9,
    0xE7, 0xDB, 0xFB, 0xDF, 0x8E, 0x62, 0x3F, 0xE3, 0x7D, 0xE7, 0x73, 0x06, 0x72, 0x30, 0x33, 0xAF,
    0xCB, 0x39, 0xFF, 0xFF, 0xFF, 0xFF, 0xFF, 0xFB, 0xF9, 0xEF, 0xFA, 0xFB, 0xDF, 0xA0, 0xC4, 0x7F,
    0xE3, 0x7D, 0xE7, 0x40, 0x00, 0xE1, 0x33, 0x33, 0x8F, 0xE8, 0x09, 0xFF, 0xFF, 0xFF, 0xFF, 0x80,
    0x03, 0xF9, 0xEF, 0xFA, 0xFB, 0xDF, 0xB1, 0x88, 0xFF, 0xE3, 0x7D, 0xE0, 0x00, 0x40, 0xE2, 0x38,
    0x73, 0x0F, 0x88, 0x00, 0x00, 0x00, 0x00, 0x00, 0x00, 0x3B, 0xD9, 0xEE, 0xFA, 0xFB, 0xDF, 0xBB,
    0x11, 0xFF, 0xEB, 0x7D, 0xE6, 0x13, 0x08, 0x81, 0x18, 0x26, 0xC3, 0x01, 0x21, 0xFF, 0xFF, 0xFF,
    0xFF, 0xE0, 0x03, 0xD9, 0xEE, 0xFB, 0xFB, 0xDF, 0x9F, 0x23, 0xFF, 0xE3, 0x7D, 0xE7, 0x73, 0x8F,
    0x04, 0x93, 0x21, 0xC0, 0xE5, 0x39, 0xFF, 0xFF, 0xFE, 0x00, 0x00, 0x03, 0x5D, 0xEE, 0xFB, 0xFB,
    0xDF, 0xAE, 0x67, 0xFF, 0xE3, 0x7D, 0xE7, 0x73, 0x8F, 0xC6, 0x1D, 0xE3, 0xC7, 0xEE, 0x3B, 0xFF,
    0xFE, 0x00, 0x0D, 0x80, 0x01, 0x5D, 0xEE, 0x3B, 0xFB, 0xDF, 0xA4, 0x87, 0xFF, 0xE3, 0x7D, 0xE0,
    0x73, 0x5F, 0x89, 0x0D, 0xC6, 0xE7, 0xEE, 0x38, 0x00, 0x00, 0x08, 0x00, 0x0F, 0x81, 0x5D, 0xEE,
    0x3B, 0xFB, 0xDF, 0xB1, 0x0F, 0xFF, 0xE3, 0x7D, 0xE7, 0x72, 0xCF, 0x8E, 0x45, 0x89, 0xEB, 0xC6,
    0x39, 0xFD, 0xFA, 0xE0, 0x3F, 0xFF, 0xF9, 0x7D, 0xEE, 0x3B, 0x7B, 0x5F, 0xBB, 0x3F, 0xFF, 0xE3,
    0x7D, 0xE7, 0x60, 0x2F, 0x9F, 0x81, 0x07, 0xE3, 0xD9, 0x5B, 0xFD, 0xF0, 0xEB, 0xE0, 0x00, 0x7D,
    0x7D, 0xEE, 0x3F, 0x7B, 0x5F, 0xBA, 0x3F, 0xFF, 0xE3, 0x75, 0xE7, 0x42, 0x6F, 0x5F, 0xC0, 0x0F,
    0xF1, 0xC8, 0x09, 0xFD, 0xF0, 0x6B, 0xFC, 0x3F, 0xC1, 0x7D, 0xFF, 0x3F, 0x7B, 0x5F, 0xBA, 0x3F,
    0xFF, 0xE3, 0x75, 0xE4, 0x00, 0x0F, 0x1F, 0xF0, 0x30, 0xF1, 0xD0, 0x00, 0x0D, 0xC0, 0x6B, 0xF9,
    0xC0, 0x05, 0x7D, 0xFF, 0x3F, 0x7B, 0x5F, 0xBA, 0x3F, 0xFF, 0xE3, 0x75, 0xE4, 0x00, 0x2E, 0x3E,
    0x00, 0x03, 0xF1, 0xC1, 0x80, 0x0D, 0xC0, 0x6B, 0xE0, 0x00, 0x05, 0x7D, 0xFF, 0x3F, 0x7B, 0x5F,
    0xBA, 0x3F, 0xFF, 0xE3, 0x75, 0xE5, 0x02, 0x08, 0x3F, 0xFC, 0x7F, 0xF8, 0x41, 0x03, 0xCD, 0xCC,
    0x00, 0x07, 0xFF, 0xF5, 0x7D, 0xDF, 0x3C, 0x7B, 0x5F, 0xBA, 0x3F, 0xFF, 0xE3, 0x75, 0xE5, 0x43,
    0x90, 0x7F, 0xF8, 0x3F, 0xFC, 0x03, 0x43, 0xCD, 0xCF, 0xC4, 0x9F, 0xFF, 0xF5, 0x7D, 0xDE, 0x00,
    0x7B, 0x5F, 0xBA, 0x3F, 0xFF, 0xE3, 0x75, 0xE5, 0x40, 0x00, 0xFF, 0xF0, 0x3F, 0xFF, 0x00, 0x0B,
    0xCD, 0xCF, 0xC0, 0x9F, 0xFF, 0xF5, 0xF5, 0xD8, 0x3F, 0x3B, 0x5F, 0xBA, 0x3F, 0xFF, 0xE3, 0x75,
    0xE5, 0x50, 0x83, 0xFF, 0xF4, 0x5F, 0xFF, 0x80, 0x0B, 0xCD, 0xCF, 0xC0, 0x1F, 0xFF, 0xF4, 0xF1,
    0xD0, 0x00, 0x9B, 0x5F, 0xBA, 0x3F, 0xFF, 0xE3, 0x75, 0xE4, 0x5F, 0x87, 0xFF, 0xE4, 0x4F, 0xFF,
    0xC4, 0xCB, 0xCD, 0xCF, 0xC0, 0x1F, 0xFF, 0xF0, 0xD5, 0xC3, 0xB3, 0xEB, 0x5F, 0xBA, 0x3F, 0xFF,
    0xE3, 0x7D, 0xE4, 0x5F, 0x6F, 0xFF, 0xDC, 0x6F, 0xFF, 0xC0, 0xE9, 0xCD, 0xCF, 0xC0, 0x1F, 0xFF,
    0xF2, 0xDD, 0xC3, 0xA7, 0x73, 0x5F, 0xBA, 0x3F, 0xFF, 0xE3, 0x7D, 0xE4, 0xDC, 0x6F, 0xFF, 0xD8,
    0x37, 0xFF, 0xC8, 0x6D, 0xCD, 0xCF, 0xC0, 0x9F, 0xFF, 0xF2, 0xDD, 0x42, 0xA7, 0x33, 0x5F, 0xBA,
    0x3F, 0xFF, 0xE3, 0x7D, 0xE4, 0x9F, 0x6F, 0xFF, 0xB9, 0x37, 0xFF, 0xCC, 0x6D, 0xCD, 0xCF, 0xC0,
    0x9F, 0xFF, 0xFA, 0xDD, 0x56, 0xA7, 0x9B, 0x5F, 0xBA, 0x3F, 0xFF, 0xE3, 0x7D, 0xE4, 0x9F, 0xEF,
    0xFF, 0x79, 0x3B, 0xFF, 0xEC, 0xED, 0xCD, 0xCF, 0xC4, 0x9F, 0xFF, 0xFA, 0xDD, 0x12, 0xE7, 0xCB,
    0x5F, 0xBA, 0x3F, 0xFF, 0xE3, 0x7D, 0xE4, 0x9E, 0xEF, 0xFF, 0xFB, 0xBF, 0xFF, 0xCC, 0xE5, 0xCD,
    0xCF, 0xCC, 0x9F, 0xFF, 0xFA, 0xFD, 0x38, 0x00, 0xE3, 0xDF, 0xBA, 0x3F, 0xFF, 0xE3, 0x7D, 0xE5,
    0xBC, 0xEF, 0xFF, 0xF3, 0xBF, 0xFF, 0xCC, 0xE4, 0xCD, 0xCF, 0xCC, 0x9F, 0xFF, 0xFA, 0xFD, 0x3F,
    0x40, 0xF1, 0xDF, 0xBA, 0x3F, 0xFF, 0xE3, 0x7D, 0xE5, 0xBC, 0xE7, 0xFF, 0xF3, 0x9F, 0xFF, 0xCC,
    0xE6, 0xCD, 0xCF, 0xCC, 0xDF, 0xFF, 0xFA, 0x7D, 0x3F, 0x44, 0xF9, 0xDF, 0xBA, 0x3F, 0xFF, 0xE3,
    0x7D, 0xE5, 0xBC, 0xE7, 0xFF, 0xF3, 0x9F, 0xFF, 0xCC, 0xE6, 0xCD, 0xCF, 0xCD, 0xDF, 0xFF, 0xF8,
    0x7C, 0x3F, 0x44, 0xF9, 0xDF, 0xBA, 0x3F, 0xFF, 0xE3, 0x7D, 0xE5, 0xBC, 0x67, 0xFF, 0xF7, 0x9F,
    0xFF, 0xCC, 0x96, 0xCD, 0xCF, 0xCD, 0xDF, 0xFF, 0xF8, 0x7C, 0x3F, 0x48, 0x01, 0xDF, 0xBA, 0x3F,
    0xFF, 0xE3, 0x7D, 0xE1, 0xBC, 0x27, 0xFF, 0xE7, 0xDF, 0xFF, 0xCC, 0xB6, 0xCD, 0xCF, 0xCD, 0xDF,
    0xFF, 0xF9, 0x7C, 0x3F, 0x40, 0x01, 0xDF, 0xBA, 0x3F, 0xFF, 0xE3, 0x7D, 0xE3, 0xBC, 0xE7, 0xFF,
    0xE3, 0x8F, 0xFF, 0xC5, 0xB6, 0x4D, 0xCF, 0xCD, 0xDF, 0xFF, 0xF9, 0x7C, 0x3F, 0x40, 0xF9, 0xDF,
    0xBA, 0x3F, 0xFF, 0xE3, 0x7D, 0xEB, 0xBC, 0xEF, 0xFF, 0xE3, 0xCF, 0xFF, 0xED, 0xB6, 0x4D, 0xCF,
    0xCD, 0xDF, 0xFF, 0xF9, 0x5E, 0x3F, 0x4A, 0x01, 0xDF, 0xBA, 0x3F, 0xFF, 0xE3, 0x7D, 0xE3, 0xBC,
    0xCF, 0x7F, 0xF7, 0xCF, 0xFD, 0xE5, 0xF7, 0x4D, 0xCF, 0xE1, 0x1F, 0xFF, 0xF9, 0x5E, 0x3F, 0x4A,
    0x01, 0xDF, 0xBA, 0x3F, 0xFF, 0xE3, 0x7D, 0xE3, 0x3C, 0xEE, 0x1F, 0xF7, 0xCF, 0xF0, 0x69, 0xF7,
    0x4D, 0xCF, 0xEC, 0xDF, 0xFF, 0xFD, 0x3E, 0x3F, 0x4A, 0xF9, 0xDF, 0xBA, 0x3F, 0xFF, 0xE3, 0x7D,
    0xE7, 0x3C, 0xE0, 0x0F, 0xF7, 0xDF, 0xE4, 0x09, 0xF7, 0x4D, 0xCF, 0xE5, 0x9F, 0xFF, 0xFD, 0x3E,
    0x3F, 0x48, 0xFB, 0x9F, 0xB2, 0x00, 0x00, 0x63, 0x5D, 0xE7, 0x3C, 0xE0, 0x42, 0x67, 0xCC, 0x81,
    0x09, 0xF7, 0x0D, 0xCF, 0xE1, 0x9F, 0xFF, 0xF9, 0x3E, 0x7F, 0x4C, 0xFB, 0x9F, 0x82, 0x01, 0xFC,
    0x03, 0x5D, 0xE7, 0x3C, 0xE7, 0x60, 0xCF, 0xEE, 0x0D, 0xCB, 0x97, 0x8D, 0xCF, 0xE1, 0x9F, 0xFF,
    0xC0, 0x00, 0x1F, 0x5C, 0xFB, 0x9F, 0xBF, 0xF8, 0x00, 0x03, 0x5D, 0xE7, 0x3C, 0xEF, 0xF8, 0x0F,
    0xE4, 0x1E, 0xEB, 0xF7, 0x8D, 0xC0, 0x01, 0x80, 0x38, 0x10, 0x03, 0x00, 0x1E, 0xFB, 0x96, 0xBF,
    0xFF, 0xFF, 0xFF, 0x5D, 0xE7, 0x7C, 0xCF, 0xFC, 0x81, 0xF0, 0x7E, 0xE3, 0xC3, 0xAD, 0xC0, 0x01,
    0x9F, 0xC1, 0x80, 0x1F, 0x8F, 0xDE, 0xFB, 0x96, 0xBF, 0xFF, 0xFF, 0xFF, 0x5D, 0xE7, 0x7C, 0xDE,
    0xFE, 0x19, 0xF0, 0xFE, 0xE3, 0xF3, 0xBD, 0xFF, 0xC1, 0x80, 0x03, 0xE1, 0x9F, 0x4F, 0xDE, 0xFB,
    0x96, 0x81, 0xFF, 0xFF, 0xFF, 0x5D, 0xEF, 0x7E, 0xCE, 0xFE, 0x1F, 0xF0, 0xFF, 0xF3, 0xF3, 0xBD,
    0xFF, 0xE1, 0x83, 0x0F, 0xFC, 0x0E, 0x7F, 0xC0, 0x00, 0x00, 0x00, 0x00, 0x1F, 0xFF, 0x5D, 0xEF,
    0x7E, 0xC3, 0xFE, 0x1F, 0xE0, 0x7F, 0xE3, 0xF3, 0x80, 0x0F, 0xE1, 0xB8, 0xFF, 0xC8, 0xF3, 0xFC,
    0x4C, 0xFF, 0xCF, 0xFE, 0x00, 0x00, 0x00, 0x5D, 0xEF, 0x7E, 0x8F, 0x86, 0x0F, 0xF0, 0xFF, 0xE7,
    0xF3, 0x80, 0x00, 0x05, 0x03, 0xFE, 0x74, 0x1F, 0xF1, 0xEE, 0xFF, 0xFF, 0x80, 0xEF, 0xF8, 0x00,
    0x5D, 0xEF, 0x5E, 0x8E, 0xFE, 0x07, 0xC0, 0xFF, 0x64, 0x13, 0xDF, 0xFF, 0x10, 0x0F, 0xFF, 0xE1,
    0x9F, 0xA7, 0x2C, 0xFF, 0x00, 0x7F, 0xCF, 0xFF, 0xFF, 0x5D, 0xCF, 0x6E, 0x4E, 0xFE, 0x33, 0xF0,
    0x7F, 0x6C, 0x13, 0xDF, 0xFF, 0x40, 0x3F, 0xFF, 0xFC, 0xFE, 0x3C, 0xEC, 0x01, 0xFF, 0x80, 0x1F,
    0xFF, 0xFF, 0x5D, 0xCF, 0x7E, 0x46, 0xFC, 0x37, 0xE8, 0x7E, 0xCC, 0x13, 0xDF, 0xFF, 0x78, 0x07,
    0xF9, 0xFF, 0xF8, 0xCF, 0xED, 0xFF, 0xE0, 0x01, 0x3F, 0x81, 0xFF, 0x5D, 0xDF, 0x7D, 0x42, 0xF8,
    0xBF, 0xCA, 0x3E, 0x84, 0x13, 0xDF, 0xFF, 0x3D, 0x70, 0x47, 0xFF, 0xFC, 0x60, 0xED, 0xC0, 0x07,
    0xFF, 0x3F, 0xFF, 0xFF, 0x5D, 0xDF, 0x76, 0x50, 0xC0, 0x9F, 0xF2, 0x06, 0x15, 0xB3, 0xDF, 0xFF,
    0x05, 0xFF, 0x01, 0xFF, 0xE3, 0x01, 0xED, 0x03, 0xFF, 0xFF, 0xBF, 0xF8, 0x7F, 0x5D, 0xDF, 0x46,
    0x18, 0x23, 0x8F, 0xF3, 0x88, 0x37, 0x1B, 0xC0, 0xFF, 0xB0, 0x7F, 0xBC, 0x1F, 0x99, 0xC3, 0xED,
    0xFF, 0xFF, 0xFF, 0x80, 0xFF, 0xFF, 0x55, 0x9F, 0x46, 0x0C, 0x0F, 0x8F, 0xF3, 0xE0, 0x73, 0xFB,
    0xC0, 0x00, 0x3F, 0x03, 0xBF, 0xE0, 0x3F, 0xFF, 0xED, 0xFF, 0xFF, 0xFF, 0xB8, 0x00, 0x07, 0x55,
    0x9F, 0x47, 0x8E, 0x7D, 0x8F, 0xF1, 0x7C, 0xE3, 0xFB, 0xCF, 0xFF, 0xBC, 0xF8, 0x1F, 0xFE, 0x80,
    0x3F, 0xCD, 0xFF, 0xFF, 0xFF, 0xBE, 0x07, 0xC0, 0x1D, 0x9F, 0x4F, 0xA3, 0xFA, 0x0F, 0xF0, 0x9F,
    0xCB, 0xFB, 0xEF, 0xFF, 0x83, 0xC7, 0xC0, 0xFE, 0xFF, 0x80, 0x20, 0xFF, 0xFF, 0xFF, 0x80, 0xFF,
    0xFF, 0x00, 0x1F, 0x7F, 0xB8, 0x00, 0x9F, 0xF2, 0x00, 0x1B, 0xFB, 0xEF, 0xFF, 0x00, 0x3F, 0xFE,
    0x02, 0xFF, 0xFE, 0x00, 0xFF, 0xFF, 0xF0, 0x3F, 0xFF, 0xFF, 0x07, 0xBF, 0x7F, 0xBC, 0x1F, 0x9F,
    0xF3, 0xFE, 0x7B, 0xFB, 0xEF, 0xFE, 0x60, 0x0F, 0xFF, 0xF8, 0x0F, 0xFE, 0xFD, 0xFF, 0xF8, 0x03,
    0xFF, 0xFF, 0xC1, 0xFF, 0xBF, 0x7E, 0x3C, 0x7F, 0x9F, 0xF3, 0xFE, 0x39, 0xFB, 0xEF, 0xFF, 0x00,
    0x03, 0xFF, 0xFF, 0xC0, 0x3E, 0xFD, 0xF8, 0x03, 0xFF, 0xFF, 0xF0, 0x7F, 0xFF, 0xBF, 0x7F, 0x78,
    0x7F, 0x9F, 0xF3, 0xFC, 0x39, 0xFB, 0xEF, 0xFF, 0x80, 0x00, 0x1F, 0xFF, 0xF0, 0x00, 0x3C, 0x01,
    0xFF, 0xFF, 0xFE, 0x1F, 0xFF, 0xFF, 0xBF, 0x7F, 0x78, 0x7F, 0xDF, 0xE7, 0xFC, 0x3C, 0x7B, 0xEF,
    0xFF, 0x00, 0x1E, 0x00, 0xFF, 0xFA, 0x00, 0x00, 0x7F, 0xFF, 0xFF, 0x03, 0x80, 0xFF, 0xFC, 0xBF,
    0x6F, 0x78, 0x7F, 0xDF, 0xF7, 0xFD, 0x1C, 0xEB, 0xE7, 0xF1, 0xEE, 0x03, 0xE0, 0x03, 0xFF, 0x8F,
    0x5C, 0xFF, 0xFF, 0xE0, 0xFF, 0xFF, 0x80, 0x07, 0xBF, 0x67, 0x31, 0x7F, 0xDF, 0xF7, 0xFD, 0x5D,
    0xC3, 0xE7, 0x8F, 0xEC, 0x38, 0x3F, 0x80, 0x1F, 0xFF, 0xFD, 0xFF, 0xF0, 0x3F, 0xFF, 0xFF, 0xF2,
    0xFF, 0xBF, 0x03, 0x91, 0x3F, 0x0F, 0xF1, 0xFD, 0x59, 0x83, 0xE0, 0xFF, 0xEC, 0x3F, 0x01, 0xFC,
    0x00, 0x3F, 0xFD, 0xFC, 0x1F, 0xFF, 0xFF, 0xFC, 0x3F, 0xFF, 0xBF, 0x01, 0xC5, 0xB8, 0x0F, 0xF8,
    0x39, 0x42, 0x03, 0xE7, 0xFF, 0xEE, 0x39, 0xFC, 0x07, 0xF0, 0x00, 0x7C, 0x87, 0xFF, 0xFF, 0xFF,
    0x87, 0xFF, 0xFF, 0xBF, 0x3C, 0x45, 0x80, 0x0F, 0xF0, 0x03, 0x64, 0x73, 0xE7, 0xFF, 0xEE, 0x3F,
    0xFF, 0xE0, 0x3F, 0xF0, 0x00, 0xFF, 0xFF, 0xFF, 0xF0, 0xFF, 0xFF, 0xFE, 0x1F, 0x3B, 0x0D, 0x8C,
    0xFF, 0xFE, 0x63, 0x60, 0x03, 0xEF, 0xFF, 0xCE, 0x1F, 0xFF, 0xE4, 0x00, 0x7F, 0xC1, 0xFF, 0xFF,
    0xFE, 0x1F, 0xFF, 0xFF, 0xC1, 0xC7, 0x3F, 0xED, 0xFC, 0x1E, 0x3E, 0x7F, 0x67, 0xF3, 0xC0, 0x07,
    0x5E, 0x1F, 0xFF, 0x9D, 0x8C, 0x00, 0x0E, 0xFF, 0xFF, 0xC3, 0xFF, 0xFF, 0xF8, 0x1F, 0x87, 0xBF,
    0xED, 0xFD, 0x80, 0x00, 0x7F, 0x68, 0x13, 0xDF, 0xF0, 0x0F, 0x9F, 0xFE, 0xF8, 0x07, 0xF8, 0x00,
    0xFF, 0xF0, 0xFF, 0xFF, 0xFF, 0x03, 0xF0, 0x77, 0xBF, 0xED, 0xF9, 0xF8, 0x0F, 0x3F, 0x6F, 0xF7,
    0x80, 0x1F, 0xE7, 0x00, 0x01, 0xFA, 0x07, 0xFF, 0xA0, 0xFE, 0x1F, 0xFF, 0xFF, 0xE0, 0xFF, 0x0F,
    0xF3, 0xBF, 0xED, 0xFB, 0xFF, 0xFF, 0xBF, 0x6F, 0xF7, 0x3F, 0xF0, 0x0E, 0x3F, 0xFC, 0x00, 0x80,
    0xFF, 0xB8, 0x83, 0xFF, 0xFF, 0xFC, 0x0F, 0xE0, 0xFF, 0xF9, 0xBF, 0xED, 0xFB, 0xFF, 0xFF, 0xBF,
    0x6F, 0xF6, 0x7F, 0xFF, 0xEE, 0x00, 0xFF, 0x80, 0x80, 0x03, 0xB8, 0x1F, 0xFF, 0xFF, 0xC1, 0xFE,
    0x1F, 0xFF, 0xFE, 0x3F, 0xED, 0xFB, 0xFF, 0xFF, 0xBF, 0x6F, 0xF4, 0xFF, 0xFF, 0xEE, 0x3F, 0xC0,
    0x00, 0x12, 0x00, 0x38, 0xF0, 0x1F, 0xF0, 0x3F, 0xC1, 0xFF, 0xFF, 0xFF, 0x3F, 0xED, 0xFB, 0xFF,
    0xFF, 0xBF, 0xAF, 0xF3, 0xFF, 0xFF, 0xEE, 0x3F, 0xF0, 0x00, 0x00, 0x30, 0x38, 0xFF, 0xF8, 0x07,
    0xF8, 0x7F, 0xFF, 0xFF, 0xFF, 0xFF, 0xCB, 0xFB, 0xFF, 0xFF, 0xBF, 0xA7, 0xF7, 0xFF, 0xFF, 0xC6,
    0x1F, 0x00, 0xD8, 0x80, 0x01, 0x38, 0xFF, 0xE0, 0xFF, 0x87, 0xFF, 0xFF, 0xFF, 0xFF, 0xFF, 0xDF,
    0xFB, 0xFF, 0xFF, 0xBF, 0xF7, 0xFF, 0xFF, 0xFF, 0xC0, 0x1C, 0x00, 0xE1, 0x80, 0x00, 0x7E, 0xF8,
    0x1F, 0xF0, 0xFF, 0xFF, 0xFF, 0xFF, 0xFF, 0xFF, 0x81, 0xFB, 0xFF, 0xFF, 0xBF, 0x03, 0xFF, 0xFF,
    0xFF, 0xDC, 0x00, 0x21, 0x0C, 0x87, 0x80, 0x7F, 0x83, 0xFF, 0x1F, 0xFF, 0xFF, 0xFF, 0xFF, 0xFF,
    0xFF, 0x96, 0x7B, 0xFF, 0xFF, 0xBE, 0x43, 0xFF, 0xFF, 0xFF, 0xDC, 0x01, 0x18, 0x7C, 0x0F, 0xFC,
    0x7E, 0x3F, 0xE0, 0xFF, 0xFF, 0xFF, 0xFF, 0xFF, 0xFF, 0xFF, 0x81, 0x33, 0xFF, 0xFF, 0x99, 0x03,
    0xFF, 0xFF, 0xFF, 0xCC, 0x0F, 0x21, 0xFD, 0xEF, 0xFF, 0x0E, 0xFC, 0x3F, 0xFF, 0xFF, 0xFF, 0xFF,
    0xFF, 0xFF, 0xFF, 0xAE, 0x03, 0xFF, 0xFF, 0x80, 0xEB, 0xFF, 0xFF, 0xFF, 0xCC, 0x00, 0x0F, 0xFD,
    0xEF, 0xFF, 0xB0, 0xC7, 0xFF, 0xFF, 0xFF, 0xFF, 0xFF, 0xFF, 0xFF, 0xFF, 0x2F, 0x0B, 0xFF, 0xFF,
    0xA1, 0xED, 0xFF, 0xFF, 0xFF, 0xCC, 0xC0, 0x0F, 0xFC, 0x07, 0xFF, 0xB8, 0xFF, 0xFF, 0xFF, 0xFF,
    0xFF, 0xFF, 0xFF, 0xFF, 0xFE, 0x1F, 0x8B, 0xFF, 0xFF, 0xAB, 0xF0, 0xFF, 0xFF, 0xFF, 0xCC, 0x7C,
    0x00, 0x7D, 0xC7, 0xFF, 0xB8, 0xFF, 0xFF, 0xFF, 0xFF, 0xFF, 0xFF, 0xFF, 0xFF, 0xFC, 0x47, 0xCB,
    0xFF, 0xFF, 0xB3, 0xE0, 0x7F, 0xFF, 0xFF, 0xCC, 0xE6, 0x60, 0x05, 0xC7, 0xFF, 0xBE, 0xFF, 0xFF,
    0xFF, 0xFF, 0xFF, 0xFF, 0xFF, 0xFF, 0xF9, 0xBB, 0xDB, 0xFF, 0xFF, 0xB7, 0x9D, 0x3F, 0xFF, 0xFF,
    0xCC, 0x3A, 0x7E, 0x00, 0x0F, 0xFF, 0x1E, 0xFF, 0xFF, 0xFF, 0xFF, 0xFF, 0xFF, 0xFF, 0xFF, 0xE6,
    0x7D, 0xC3, 0xFF, 0xFF, 0x87, 0x3E, 0x9F, 0xFF, 0xFF, 0xCD, 0x01, 0xFF, 0xF0, 0x03, 0xFF, 0x08,
    0xFF, 0xFF, 0xFF, 0xFF, 0xFF, 0xFF, 0xFF, 0xFF, 0xCD, 0xFE, 0x8B, 0xFF, 0xFF, 0xA2, 0x7F, 0x6F,
    0xFF, 0xFF, 0xC5, 0x38, 0x1E, 0x7F, 0x00, 0x3F, 0x60, 0xFF, 0xFF, 0xFF, 0xFF, 0xFF, 0xFF, 0xFF,
    0xFF, 0xDB, 0xFE, 0x03, 0xFF, 0xFF, 0x88, 0xFF, 0xB7, 0xFF, 0xFF, 0xE0, 0x3F, 0x81, 0xFF, 0xF0,
    0x03, 0x78, 0xFF, 0xFF, 0xFF, 0xFF, 0xFF, 0xFF, 0xFF, 0xFF, 0xDB, 0xFE, 0x0F, 0xFF, 0xFF, 0xE0,
    0xFF, 0xF7, 0xFF, 0xFF, 0xEC, 0x7F, 0xF8, 0x3F, 0xFF, 0x80, 0x78, 0xFF, 0xFF, 0xFF, 0xFF, 0xFF,
    0xFF, 0xFF, 0xFF, 0xDF, 0xFC, 0x7F, 0xFF, 0xFF, 0xFC, 0x7F, 0xD7, 0xFF, 0xFF, 0xCE, 0x7F, 0xFF,
    0x81, 0xF8, 0xF8, 0x79, 0xFF, 0xFF, 0xFF, 0xFF, 0xFF, 0xFF, 0xFF, 0xFF, 0x83, 0x80, 0xFF, 0xFF,
    0xFF, 0xFC, 0x03, 0xC7, 0xFF, 0xFF, 0xC6, 0x3F, 0xFF, 0xFC, 0x0F, 0xE0, 0x79, 0xFF, 0xFF, 0xFF,
    0xFF, 0xFF, 0xFF, 0xFF, 0xFF, 0xC8, 0x21, 0xFF, 0xFF, 0xFF, 0xFF, 0x10, 0x27, 0xFF, 0xFF, 0xD8,
    0xBF, 0xFF, 0xFF, 0xC0, 0x3F, 0x79, 0xFF, 0xFF, 0xFF, 0xFF, 0xFF, 0xFF, 0xFF, 0xFF, 0xE0, 0x07,
    0xFF, 0xFF, 0xFF, 0xFF, 0xC0, 0x0F, 0xFF, 0xFF, 0xCE, 0x3F, 0xFF, 0xFF, 0xFC, 0x0F, 0x79, 0xFF,
    0xFF, 0xFF, 0xFF, 0xFF, 0xFF, 0xFF, 0xFF, 0xFF, 0xFF, 0xFF, 0xFF, 0xFF, 0xFF, 0xFF, 0xFF, 0xFF,
    0xFF, 0xEE, 0x3F, 0xFF, 0xFF, 0xFF, 0xC1, 0x79, 0xFF, 0xFF, 0xFF, 0xFF, 0xFF, 0xFF, 0xFF, 0xFF,
    0xFF, 0xFF, 0xFF, 0xFF, 0xFF, 0xFF, 0xFF, 0xFF, 0xFF, 0xFF, 0xF0, 0x7F, 0xFF, 0xFF, 0xFF, 0xFC,
    0x79, 0xFF, 0xFF, 0xFF, 0xFF, 0xFF, 0xFF, 0xFF, 0xFF, 0xFF, 0xFF, 0xFF, 0xFF, 0xFF, 0xFF, 0xFF,
    0xFF, 0xFF, 0xFF, 0xFF, 0xFF, 0xFF, 0xFF, 0xFF, 0xFF, 0x38, 0xFF, 0xFF, 0xFF, 0xFF, 0xFF, 0xFF,
    0xFF, 0xFF, 0xFF, 0xFF, 0xFF, 0xFF, 0xFF, 0xFF, 0xFF, 0xFF, 0xFF, 0xFF, 0xFF, 0xFF, 0xFF, 0xFF,
    0xFF, 0xFF, 0x00, 0xFF, 0xFF, 0xFF, 0xFF, 0xFF, 0xFF, 0xFF, 0xFF, 0xFF, 0xFF, 0xFF, 0xFF, 0xFF,
    0xFF, 0xFF, 0xFF, 0xFF, 0xFF, 0xFF, 0xFF, 0xFF, 0xFF, 0xFF, 0xFF, 0xB0, 0xFF, 0xFF, 0xFF, 0xFF,
    0xFF, 0xFF, 0xFF, 0xFF, 0xFF, 0xFF, 0xFF, 0xFF, 0xFF, 0xFF, 0xFF, 0xFF, 0xFF, 0xFF, 0xFF, 0xFF,
    0xFF, 0xFF, 0xFF, 0xFF, 0xB0, 0xFF, 0xFF, 0xFF, 0xFF, 0xFF, 0xFF, 0xFF, 0xFF, 0xFF, 0xFF, 0xFF,
    0xFF, 0xFF, 0xFF, 0xFF, 0xFF, 0xFF, 0xFF, 0xFF, 0xFF, 0xFF, 0xFF, 0xFF, 0xFF, 0x32, 0xFF, 0xFF,
    0xFF, 0xFF, 0xFF, 0xFF, 0xFF, 0xFF, 0xFF, 0xFF, 0xFF, 0xFF, 0xFF, 0xFF, 0xFF, 0xFF, 0xFF, 0xFF,
    0xFF, 0xFF, 0xFF, 0xFF, 0xFF, 0xFF, 0x14, 0xFF, 0xFF, 0xFF, 0xFF, 0xFF, 0xFF, 0xFF, 0xFF, 0xFF,
    0xFF, 0xFF, 0xFF, 0xFF, 0xFF, 0xFF, 0xFF, 0xFF, 0xFF, 0xFF, 0xFF, 0xFF, 0xFF, 0xFF, 0xFF, 0x60,
    0xFF, 0xFF, 0xFF, 0xFF, 0xFF, 0xFF, 0xFF, 0xFF, 0xFF, 0xFF, 0xFF, 0xFF, 0xFF, 0xFF, 0xFF, 0xFF,
    0xFF, 0xFF, 0xFF, 0xFF, 0xFF, 0xFF, 0xFF, 0xFF, 0x78, 0xFF, 0xFF, 0xFF, 0xFF, 0xFF, 0xFF, 0xFF,
    0xFF, 0xFF, 0xFF, 0xFF, 0xFF, 0xFF, 0xFF, 0xFF, 0xFF, 0xFF, 0xFF, 0xFF, 0xFF, 0xFF, 0xFF, 0xFF,
    0xFF, 0x78, 0xFF, 0xFF, 0xFF, 0xFF, 0xFF, 0xFF, 0xFF, 0xFF, 0xFF, 0xFF, 0xFF, 0xFF, 0xFF, 0xFF,
    0xFF, 0xFF, 0xFF, 0xFF, 0xFF, 0xFF, 0xFF, 0xFF, 0xFF, 0xFF, 0x38, 0xFF, 0xFF, 0xFF, 0xFF, 0xFF,
    0xFF, 0xFF, 0xFF, 0xFF, 0xFF, 0xFF, 0xFF, 0xFF, 0xFF, 0xFF, 0xFF, 0xFF, 0xFF, 0xFF, 0xFF, 0xFF,
    0xFF, 0xFF, 0xFF, 0x81, 0xFF, 0xF9, 0xFF, 0xFF, 0xFF, 0xFF, 0xFF, 0xFF, 0xFF, 0xFF, 0xFF, 0xFF,
    0xFF, 0xFF, 0xFF, 0xFF, 0xFF, 0xFF, 0xFF, 0xFF, 0xFF, 0xFF, 0xFF, 0xFF, 0xFF, 0xFF, 0xCF, 0xFF,
    0xFF, 0xFF, 0xFF, 0xFF, 0xFF, 0xFF, 0xFF, 0xFF, 0xFF, 0xFF, 0xFF, 0xFF, 0xFF, 0xFF, 0xFF, 0xFF,
    0xFF, 0xFF, 0xFF, 0xFF, 0xFF, 0xFF, 0xFE, 0x7F, 0xFF, 0xFF, 0xFF, 0xFF, 0xFF, 0xFF, 0xFF, 0xFF,
    0xFF, 0xFF, 0xFF, 0xFF, 0xFF, 0xFF, 0xFF, 0xFF, 0xFF, 0xFF, 0xFF, 0xFF, 0xFF, 0xFF, 0xFF, 0xF3,
    0xFF, 0xFF, 0xFF, 0xFF, 0xFF, 0xFF, 0xFF, 0xFF, 0xFF, 0xFF, 0xFF, 0xFF, 0xFF, 0xFF, 0xFF, 0xFF,
    0xFF, 0xFF, 0xFF, 0xFF, 0xFF, 0xFF, 0xFF, 0xFF,
};

const uint8_t APP_VIDEO_FRAME_02[5000] = {
    0xAF, 0xF4, 0xFF, 0xFF, 0xFF, 0xE0, 0x01, 0xFF, 0x87, 0xFF, 0xFF, 0xC7, 0xFE, 0x7F, 0xFF, 0xFF,
    0xCF, 0xFF, 0xE0, 0x03, 0xFF, 0xFF, 0xFF, 0xFC, 0x00, 0xAF, 0x04, 0xFF, 0xFF, 0xFF, 0xF8, 0x00,
    0x7F, 0xF1, 0xFF, 0xFF, 0xF1, 0xFF, 0x9F, 0xE7, 0x3F, 0xF3, 0xBF, 0x80, 0xFF, 0x1F, 0xF8, 0x7F,
    0x00, 0x01, 0xA0, 0xE4, 0xFF, 0xFF, 0xFF, 0xFE, 0x1D, 0x0F, 0xFC, 0x7F, 0xFF, 0xFC, 0x7C, 0x03,
    0xFB, 0xDF, 0xFC, 0xC0, 0x1F, 0xFF, 0xFF, 0xFF, 0x80, 0x00, 0x7F, 0x2C, 0x04, 0xFF, 0xFF, 0xFF,
    0xFF, 0x5D, 0xE3, 0xFF, 0x9F, 0xFF, 0xFF, 0x01, 0xF9, 0xFF, 0xFF, 0xF8, 0x0F, 0xFF, 0xFF, 0xFF,
    0xE0, 0x00, 0x3F, 0xFF, 0xA0, 0x74, 0xFF, 0xFF, 0xFF, 0xFF, 0x5D, 0x40, 0x7F, 0xE3, 0xFF, 0xFF,
    0xC7, 0xFE, 0x7F, 0xBC, 0x01, 0xFF, 0xFF, 0xFF, 0xF0, 0x00, 0x0F, 0xFF, 0xFF, 0x2F, 0xF4, 0xFF,
    0xFF, 0xFF, 0xFF, 0x5D, 0x40, 0x1F, 0xF8, 0xFF, 0x9F, 0xF1, 0xFF, 0x8F, 0x00, 0xFF, 0xFF, 0xFF,
    0xF8, 0x00, 0x07, 0xFF, 0xFF, 0xFF, 0xAF, 0xF4, 0xFF, 0xFF, 0x3F, 0xFF, 0x45, 0x46, 0x07, 0xFE,
    0x3F, 0xE7, 0xFE, 0x7F, 0xE0, 0x3F, 0xFF, 0xFE, 0x7E, 0x00, 0x07, 0xFF, 0xFF, 0xFF, 0xFF, 0xAF,
    0xF4, 0xFF, 0xFE, 0xDF, 0xFF, 0x45, 0x47, 0x80, 0xFF, 0x87, 0xF9, 0xFF, 0x00, 0x0F, 0xFF, 0xFF,
    0xFF, 0x00, 0x00, 0xFF, 0xFF, 0xFF, 0xFF, 0xFF, 0xAF, 0xF4, 0xFF, 0xFD, 0xEF, 0xFF, 0x45, 0x47,
    0xF0, 0x3F, 0xF1, 0xFF, 0x3C, 0x03, 0xFF, 0xFC, 0xFF, 0xC0, 0x00, 0xFF, 0xFF, 0xFF, 0xFF, 0xFF,
    0xFF, 0xAF, 0xF4, 0xFF, 0xFB, 0xF7, 0xFF, 0x45, 0xC7, 0xFC, 0x07, 0xFC, 0x7E, 0x80, 0x7F, 0xFF,
    0xFF, 0xF0, 0x00, 0x1F, 0xFF, 0xFF, 0xFF, 0xFF, 0xFF, 0xFF, 0xAF, 0xF4, 0xFF, 0xF7, 0xFB, 0xFF,
    0x55, 0xC7, 0xFF, 0x80, 0xFF, 0x00, 0x31, 0xFF, 0xFF, 0xF8, 0x00, 0x1F, 0xFF, 0xFF, 0xFF, 0xFF,
    0xFF, 0xFF, 0xFF, 0xAF, 0xF4, 0xFF, 0xE7, 0xFD, 0xFF, 0x75, 0xC7, 0xFB, 0xE0, 0x77, 0x4E, 0x7F,
    0xFF, 0xFE, 0x00, 0x02, 0x7F, 0xFF, 0xFF, 0xFF, 0xFF, 0xFF, 0xFF, 0xFF, 0xAF, 0xF4, 0xFF, 0xEF,
    0xFE, 0xFF, 0x75, 0xC7, 0xF7, 0xFC, 0x0E, 0x8E, 0x7C, 0xFF, 0x00, 0x03, 0xF6, 0x7F, 0xFF, 0xFF,
    0xFF, 0xFF, 0xFF, 0xFF, 0xFF, 0xAF, 0xF4, 0xFF, 0xDF, 0xFF, 0x7F, 0x75, 0xC7, 0xEF, 0xFD, 0x03,
    0x0E, 0x4F, 0xC0, 0x00, 0xF7, 0xF6, 0x7F, 0xFF, 0xFF, 0xFF, 0xFF, 0xFF, 0xFF, 0xFF, 0xAE, 0x04,
    0xFF, 0xBF, 0xFF, 0xBF, 0x75, 0xC7, 0xFF, 0xFF, 0xE0, 0x4E, 0x60, 0x00, 0x3F, 0xFF, 0xF6, 0x7F,
    0xFF, 0xFF, 0xFF, 0xFF, 0xFF, 0xFF, 0xFF, 0x81, 0xF8, 0xFF, 0x7F, 0xFF, 0xDF, 0x75, 0xC7, 0xDF,
    0xFF, 0xF8, 0x00, 0x00, 0x3F, 0xFF, 0xEF, 0xF6, 0x7F, 0xFF, 0xFF, 0xFF, 0xFF, 0xFF, 0xFF, 0xFF,
    0x7F, 0xF8, 0xFE, 0xFF, 0xFF, 0xEF, 0x75, 0xC7, 0xBF, 0xFF, 0xFF, 0x00, 0x07, 0xFF, 0xFF, 0xDF,
    0xF6, 0x7F, 0xFF, 0xFF, 0xFF, 0xFF, 0xFF, 0xFF, 0xFF, 0xFE, 0x00, 0xFD, 0xFF, 0xFF, 0xF7, 0x75,
    0xC7, 0x7F, 0xFF, 0x7E, 0x07, 0x41, 0xFF, 0xFF, 0xDF, 0xF6, 0x7F, 0xFF, 0xFF, 0xFF, 0xFF, 0xFF,
    0xFF, 0xFF, 0xC0, 0x0F, 0xF9, 0xFF, 0xFF, 0xFB, 0x75, 0xC6, 0xFF, 0xFF, 0x7E, 0x7F, 0xFD, 0xFF,
    0xFF, 0xBF, 0xF6, 0x7F, 0xFF, 0xFF, 0xFF, 0xFF, 0xFF, 0xFF, 0xFF, 0x01, 0xFF, 0xF3, 0xFF, 0xFF,
    0xFD, 0x75, 0xC6, 0xFF, 0xFF, 0xF8, 0xF7, 0xF8, 0x7F, 0xFF, 0xBF, 0xF6, 0x7F, 0xFF, 0xFF, 0xFF,
    0xFF, 0xFF, 0xFF, 0xFF, 0xFF, 0xFF, 0xE1, 0xFF, 0xFF, 0xFD, 0x75, 0xE6, 0xFF, 0xFF, 0xB9, 0xA3,
    0xEE, 0x7F, 0xFF, 0x7F, 0xF6, 0x7F, 0xFF, 0xFF, 0xFF, 0xFF, 0xFF, 0xFF, 0xFF, 0xFF, 0xFF, 0xEC,
    0xFF, 0xFF, 0xFB, 0x75, 0xE7, 0xFF, 0xFF, 0xD3, 0xBF, 0xF6, 0x7F, 0xFF, 0xFF, 0xF6, 0x7F, 0xFF,
    0xFF, 0xFF, 0xFF, 0xFF, 0xFF, 0xFF, 0xFF, 0xFF, 0xDC, 0x7F, 0xFF, 0xF3, 0x75, 0xE5, 0xFF, 0xFF,
    0xF3, 0x3F, 0xE7, 0x3F, 0xFF, 0xFF, 0xF6, 0x7F, 0xFF, 0xFF, 0xFF, 0xFF, 0xE0, 0x0F, 0xFF, 0xFF,
    0xFF, 0xB6, 0x7F, 0xFF, 0xF7, 0x75, 0xE3, 0xFF, 0xFF, 0xF3, 0x3F, 0xFF, 0x3F, 0xFB, 0xFF, 0xF6,
    0x7F, 0xFF, 0xFF, 0xFF, 0xE0, 0x0F, 0x8F, 0xFF, 0xFF, 0xFF, 0x63, 0x3F, 0xFF, 0xEF, 0x75, 0xE7,
    0xFF, 0xFF, 0xF3, 0xA4, 0x83, 0x3F, 0xFB, 0xFF, 0xF6, 0x7F, 0xFF, 0xFF, 0xC0, 0x07, 0xFF, 0x4F,
    0xFF, 0xFF, 0xFE, 0xC5, 0x8F, 0xFF, 0xDF, 0x7D, 0xE7, 0xFF, 0xFF, 0xF3, 0x00, 0x03, 0x3F, 0xFF,
    0xFF, 0xF6, 0x7F, 0xFF, 0x80, 0x1F, 0xFF, 0xFE, 0xCF, 0xFF, 0xFF, 0xFC, 0xCE, 0xCF, 0xFF, 0xBF,
    0x7D, 0xE7, 0xFF, 0xFF, 0xF2, 0x00, 0x01, 0x3F, 0xE7, 0xFF, 0xF6, 0x7F, 0xC0, 0x3F, 0xFF, 0xFF,
    0x80, 0xCF, 0xFF, 0xFF, 0xFD, 0x9E, 0x67, 0xFF, 0x7F, 0x7D, 0xE7, 0xFF, 0xFF, 0xF2, 0x00, 0x41,
    0x3F, 0xDF, 0xFF, 0xF6, 0x00, 0x1F, 0xFF, 0xFF, 0x00, 0x00, 0xCF, 0xFF, 0xFF, 0xFB, 0x3F, 0x33,
    0xFE, 0xFF, 0x7D, 0xE7, 0xFF, 0xFF, 0xF2, 0x3D, 0x61, 0x3F, 0xBF, 0xFF, 0xF6, 0x3F, 0xFF, 0xFF,
    0x00, 0x07, 0xFE, 0xCF, 0xFF, 0xFF, 0xF6, 0x7F, 0x99, 0xFD, 0xFF, 0x7D, 0xE7, 0xFF, 0xFF, 0xF0,
    0x03, 0x00, 0x3F, 0xFF, 0xFF, 0xF5, 0xFF, 0xFC, 0x00, 0x03, 0xFF, 0xFE, 0xCF, 0xFF, 0xFF, 0xEC,
    0xFF, 0xCC, 0xFB, 0xFF, 0x7D, 0xE7, 0xFF, 0xFF, 0xF8, 0x83, 0x04, 0x7F, 0xFF, 0xFF, 0xF3, 0xF0,
    0x00, 0x0F, 0xFF, 0xFF, 0xFE, 0xCF, 0xFF, 0xFF, 0xD8, 0xFF, 0xE6, 0x77, 0xFF, 0x7D, 0xE7, 0xFF,
    0xFF, 0xF8, 0x82, 0x84, 0x7F, 0xFF, 0xFF, 0xF0, 0x00, 0x1F, 0xFF, 0xFF, 0xFF, 0xFE, 0xCF, 0xFF,
    0xFF, 0x91, 0xFF, 0xF3, 0x2F, 0xFF, 0x7D, 0xE7, 0xFF, 0xFF, 0xF8, 0xFF, 0xEC, 0x7F, 0xFF, 0xFF,
    0xF0, 0x1F, 0xFF, 0xFF, 0xFF, 0xFF, 0xFE, 0xCF, 0xFF, 0xFF, 0xB3, 0xFF, 0xFB, 0x9F, 0xFF, 0x7D,
    0xE7, 0xFF, 0xFF, 0xF8, 0xFF, 0xFC, 0x7F, 0xFF, 0xFF, 0xFF, 0xFF, 0xFF, 0xFF, 0xFF, 0xFF, 0xFE,
    0xCF, 0xFF, 0xFF, 0x23, 0xFF, 0xFB, 0x1F, 0xFF, 0x7D, 0xE7, 0xFF, 0xFF, 0xF8, 0xFF, 0xFC, 0xFF,
    0xFF, 0xFF, 0xFF, 0xFF, 0xFF, 0xFF, 0xFF, 0xFF, 0xFE, 0xCF, 0xFF, 0xFE, 0x31, 0xFF, 0xF6, 0x3F,
    0xFF, 0x7D, 0xE7, 0xFF, 0xFF, 0xFC, 0x7D, 0xF8, 0xFF, 0xFF, 0xFF, 0xFF, 0xFF, 0xFF, 0xFF, 0xFF,
    0xFF, 0xFE, 0xCF, 0xFF, 0xFD, 0x99, 0xFF, 0xEC, 0x7F, 0xFF, 0x7D, 0xE7, 0xFF, 0xFF, 0xFE, 0x7C,
    0xF9, 0xFF, 0xFF, 0xFF, 0xFF, 0xFF, 0xFF, 0xFF, 0xFF, 0xFF, 0xFE, 0xCF, 0xFF, 0xFB, 0xCC, 0xFF,
    0xCC, 0xFF, 0xFF, 0x7D, 0xE7, 0xFF, 0xFF, 0xFE, 0x7F, 0xF9, 0xFF, 0xFF, 0xFF, 0xFF, 0xFF, 0xFF,
    0xFF, 0xFF, 0xFF, 0xFE, 0xCF, 0xFF, 0xF7, 0xE6, 0x7F, 0x99, 0xFF, 0xFF, 0x7D, 0xE7, 0xFF, 0xFF,
    0xFE, 0x38, 0x71, 0xFF, 0xFF, 0xFF, 0xFF, 0xFF, 0xFF, 0xFF, 0xFF, 0xFF, 0xFE, 0xCF, 0xFF, 0xE7,
    0xF3, 0x3F, 0xB3, 0xFF, 0xFF, 0x7D, 0xE7, 0xFF, 0xFF, 0xFE, 0x3C, 0xF1, 0xFF, 0xFF, 0xFF, 0xFF,
    0xFF, 0xFF, 0xFF, 0xFF, 0xFF, 0xFE, 0xCF, 0xFF, 0xCF, 0xF9, 0x9F, 0x63, 0xFF, 0xFF, 0x7D, 0xE7,
    0xFF, 0xFF, 0xE0, 0x5F, 0xE0, 0x0F, 0xFF, 0xFF, 0xFF, 0xFF, 0xFF, 0xFF, 0xFF, 0xFF, 0xFE, 0xCF,
    0xFF, 0x9F, 0xFC, 0xCE, 0xCF, 0xFF, 0xFF, 0x7D, 0xE7, 0xFF, 0xFF, 0xCC, 0x4F, 0xC8, 0x6F, 0xFF,
    0xFF, 0xFF, 0xFF, 0xFF, 0xFF, 0xFF, 0xFF, 0xFE, 0xCF, 0xFF, 0xBF, 0xFE, 0x65, 0x8F, 0xFF, 0xFF,
    0x7D, 0xE7, 0xFF, 0xFF, 0xD0, 0x43, 0x80, 0x37, 0xFF, 0xFF, 0xFF, 0xFF, 0xFF, 0xFF, 0xFF, 0xFF,
    0xFE, 0xCF, 0xFF, 0x7F, 0xFF, 0x33, 0x1F, 0xFF, 0xFF, 0x7D, 0xE7, 0xFF, 0xFE, 0x18, 0x08, 0x00,
    0x30, 0xFF, 0xFF, 0xFF, 0xFF, 0xFF, 0xFF, 0xFF, 0xFF, 0xFE, 0xCF, 0xFF, 0xFF, 0xFF, 0x17, 0x3F,
    0xFF, 0xFF, 0x7D, 0xE7, 0xFF, 0xE1, 0xB9, 0x01, 0x86, 0x7A, 0x1F, 0xFF, 0xFF, 0xFF, 0xFF, 0xFF,
    0xFF, 0xFF, 0xFE, 0xCF, 0xFF, 0xFF, 0xFF, 0xCC, 0x7F, 0xFF, 0xFF, 0x7D, 0xE7, 0xFF, 0x93, 0x9D,
    0xE4, 0x99, 0xF6, 0x63, 0xFF, 0xFF, 0xFF, 0xFF, 0xFF, 0xFF, 0xFF, 0xFE, 0xCF, 0xFF, 0xFF, 0xFF,
    0xEC, 0xFF, 0xFF, 0xFF, 0x7D, 0xE7, 0xFF, 0x3C, 0xCC, 0xE3, 0x93, 0xCC, 0xF9, 0xFF, 0xFF, 0xFF,
    0xFF, 0xFF, 0xFF, 0xFF, 0xFE, 0xCF, 0xFF, 0xFF, 0xFF, 0xE1, 0xFF, 0xFF, 0xFF, 0x7D, 0xE7, 0xFF,
    0x3E, 0x66, 0x33, 0x0F, 0x99, 0xF1, 0xFF, 0xFF, 0xFF, 0xFF, 0xFF, 0xFF, 0xFF, 0xFE, 0xCC, 0x00,
    0xFF, 0xFF, 0xF3, 0xFF, 0xFF, 0xFF, 0x7D, 0xE7, 0xFE, 0x0F, 0x30, 0x00, 0x7E, 0x33, 0xC0, 0xFF,
    0xFF, 0xFF, 0xFF, 0xFF, 0xFF, 0xFF, 0xFE, 0xC1, 0xFF, 0xFF, 0xFF, 0xF5, 0xFF, 0xFF, 0xFF, 0x7D,
    0xE7, 0xFC, 0xE3, 0x80, 0x07, 0xF9, 0xCF, 0x9E, 0x7F, 0xFF, 0xFF, 0xFF, 0xFF, 0xFF, 0xFF, 0xFE,
    0xBF, 0xFF, 0xFF, 0xFF, 0xEE, 0xFF, 0xFF, 0xFF, 0x7D, 0xE7, 0xF3, 0xF8, 0xE3, 0x3F, 0x87, 0x1E,
    0x7F, 0x9F, 0xFF, 0xFF, 0xFF, 0xFF, 0xFF, 0xFF, 0xFE, 0x7F, 0xE0, 0xFF, 0xFF, 0xDF, 0x7F, 0xFF,
    0xFF, 0x7D, 0xE7, 0xE7, 0xFE, 0x22, 0x00, 0x7E, 0x7C, 0xFF, 0xCF, 0xFF, 0xFF, 0xFF, 0xFF, 0xFF,
    0xFF, 0xFE, 0x00, 0x00, 0xFF, 0xFF, 0x9F, 0xBF, 0xFF, 0xFF, 0x7D, 0xE7, 0xCF, 0xFE, 0x00, 0x00,
    0x03, 0xF0, 0xFF, 0xE7, 0xFF, 0xFF, 0xFF, 0xFF, 0xFF, 0xFF, 0xFE, 0x03, 0xFF, 0xFF, 0xFF, 0x3F,
    0xDF, 0xFF, 0xFF, 0x7D, 0xE7, 0xC3, 0xFE, 0x00, 0x3F, 0x9F, 0xE0, 0xFF, 0x97, 0xFF, 0xFF, 0xFF,
    0xFF, 0xFF, 0xFF, 0xFF, 0xFF, 0xFF, 0xFF, 0xFF, 0x7F, 0xEF, 0xFF, 0xFF, 0x7D, 0xE7, 0xD5, 0xFE,
    0x18, 0x07, 0xFF, 0x90, 0xF3, 0x77, 0xFF, 0xFF, 0xFF, 0xF8, 0x03, 0xFF, 0xFF, 0xFF, 0xFF, 0xFF,
    0xFE, 0xFF, 0xF7, 0xFF, 0xFF, 0x7D, 0xE7, 0xD6, 0x7E, 0x3C, 0xC0, 0x7C, 0x70, 0xFC, 0xF7, 0xFF,
    0xFF, 0xFF, 0xE2, 0x1C, 0xFF, 0xFF, 0xFF, 0xFF, 0xFF, 0xFD, 0xFF, 0xFB, 0xFF, 0xFF, 0x7D, 0xE7,
    0xD7, 0x3E, 0x3E, 0xEE, 0x01, 0xF8, 0x7B, 0xF7, 0xFF, 0xFF, 0xFF, 0xC4, 0x07, 0x7F, 0xFF, 0xFF,
    0xFF, 0x7F, 0xFB, 0xFF, 0xFD, 0xFF, 0xFF, 0x7D, 0xE7, 0x9E, 0x48, 0x3E, 0x76, 0xFF, 0xF8, 0x27,
    0xE3, 0xFF, 0xFF, 0xFF, 0x98, 0xF3, 0xBF, 0xFF, 0xFF, 0xFF, 0x7F, 0xF7, 0xFF, 0xFC, 0xFF, 0xFF,
    0x7D, 0xE7, 0x8E, 0x60, 0x3F, 0x32, 0xFF, 0xF8, 0x0F, 0xE3, 0xFF, 0xFF, 0xFF, 0x7F, 0x79, 0xDF,
    0xFF, 0xFF, 0xFF, 0xBF, 0xEF, 0xFF, 0xFE, 0x7F, 0xFF, 0x7D, 0xE7, 0x06, 0x60, 0x7F, 0xB9, 0xFF,
    0xF8, 0x0E, 0x43, 0xFF, 0xFF, 0xFE, 0x60, 0x3D, 0x4F, 0xFF, 0xFF, 0xFF, 0xDF, 0xDF, 0xFF, 0xFF,
    0xBF, 0xFF, 0x7D, 0xE7, 0x80, 0x00, 0x7F, 0xDC, 0x7F, 0xFC, 0x80, 0x03, 0xFF, 0xFF, 0xFE, 0xC0,
    0x1E, 0x8F, 0xFF, 0xFF, 0xFF, 0xEF, 0x9F, 0xFF, 0xFF, 0xDF, 0xFF, 0x6D, 0xE7, 0x9C, 0x02, 0x7F,
    0xC8, 0x3F, 0xFC, 0x80, 0x73, 0xFF, 0xFF, 0xFD, 0xDF, 0xDE, 0x4F, 0xFF, 0xFF, 0xFF, 0xF7, 0x3F,
    0xFF, 0xFF, 0xCF, 0xFF, 0x6D, 0xE7, 0xB7, 0xC0, 0x5F, 0xE1, 0x3F, 0xF4, 0x13, 0xFB, 0xFF, 0xFF,
    0xFD, 0x9F, 0xE6, 0x07, 0xFF, 0xFF, 0xFF, 0xFB, 0x7F, 0xFF, 0xFF, 0xE7, 0xFF, 0x7D, 0xE7, 0x17,
    0x50, 0xE7, 0xE3, 0x9F, 0xCC, 0x10, 0xF1, 0xFF, 0xFF, 0xFD, 0x1F, 0xE7, 0x43, 0xFF, 0xFF, 0xFF,
    0xF8, 0xFF, 0xFF, 0xFF, 0xF3, 0xFF, 0x6D, 0xE7, 0x06, 0x10, 0xF9, 0xE3, 0x8F, 0x3E, 0x10, 0xC1,
    0xFF, 0xFF, 0xF9, 0x3F, 0xF3, 0x03, 0xFF, 0xFF, 0xFF, 0xFF, 0xFF, 0xFF, 0xFF, 0xF9, 0xFF, 0x6D,
    0xE7, 0x80, 0x00, 0xFF, 0xF0, 0x0F, 0xFE, 0x08, 0x0B, 0xFF, 0xFF, 0xF9, 0x0F, 0x03, 0x03, 0xFF,
    0xFF, 0xE0, 0xFF, 0xFF, 0xFF, 0xFF, 0xFC, 0xFF, 0x7D, 0xE7, 0xBE, 0x31, 0xFF, 0xF8, 0x0F, 0xFF,
    0x38, 0xF9, 0xFF, 0xFF, 0xF9, 0x3F, 0xF3, 0x03, 0xFF, 0xFF, 0x00, 0xFF, 0x01, 0xFF, 0xFF, 0xFE,
    0xFF, 0x79, 0xE7, 0x7E, 0x19, 0xFF, 0xFC, 0x37, 0xFF, 0x20, 0xFD, 0xFF, 0xFF, 0xF9, 0x07, 0x83,
    0x03, 0xFF, 0xFC, 0x67, 0xFE, 0x7C, 0xFF, 0xFF, 0xFF, 0x7F, 0x69, 0xE7, 0x7C, 0x41, 0x8F, 0xFE,
    0x73, 0xE3, 0x08, 0x70, 0xFF, 0xFF, 0xF9, 0x07, 0x83, 0x83, 0xFF, 0xF9, 0xE7, 0xFE, 0xFE, 0xFF,
    0xFF, 0xFF, 0xBF, 0x6D, 0xE6, 0x00, 0x70, 0x0F, 0xFE, 0x39, 0xE1, 0x3C, 0x00, 0xFF, 0xFF, 0xF9,
    0x07, 0xC1, 0x83, 0xFF, 0xF3, 0x67, 0x3C, 0xFE, 0x7F, 0xFF, 0xFF, 0xDF, 0x7D, 0xE6, 0x00, 0x18,
    0xCF, 0xFE, 0x9C, 0xE6, 0x00, 0x01, 0xFF, 0xFF, 0xF9, 0x07, 0xC9, 0x03, 0xFF, 0xCB, 0x67, 0xBD,
    0xFE, 0x7F, 0xFF, 0xFF, 0xEF, 0x7D, 0xE7, 0xDD, 0xE1, 0x9F, 0xFE, 0xCE, 0x73, 0x1F, 0x77, 0xFF,
    0xFF, 0xFD, 0x3F, 0xF9, 0x03, 0xFF, 0xDB, 0x67, 0xCC, 0xFE, 0x7F, 0xFF, 0xFF, 0xF6, 0x7D, 0xE7,
    0xDF, 0xF8, 0x27, 0xFE, 0xEF, 0x18, 0x3F, 0xF3, 0xFF, 0xFF, 0xFD, 0x3B, 0xF9, 0x03, 0xFF, 0x98,
    0x6F, 0xE6, 0xFE, 0xFF, 0xFF, 0xFF, 0xFA, 0x7D, 0xE7, 0xDF, 0xF8, 0x83, 0xFE, 0xF7, 0x8E, 0x3F,
    0x71, 0xFF, 0xFF, 0xFC, 0x3B, 0xF1, 0x03, 0xFF, 0xBA, 0x6F, 0x72, 0x7C, 0xFF, 0xFF, 0xFF, 0xF9,
    0x7D, 0xE7, 0xDD, 0xF0, 0x33, 0xFE, 0xF3, 0x02, 0x1F, 0x71, 0xFF, 0xFF, 0xFC, 0x3F, 0xF2, 0x03,
    0xFF, 0x3A, 0x6F, 0x98, 0x00, 0xFF, 0xFF, 0xFF, 0xFB, 0x7D, 0xE7, 0x9D, 0xF0, 0xE7, 0xFE, 0xFC,
    0x60, 0x4F, 0x60, 0xFF, 0xFF, 0xFC, 0x1C, 0x7A, 0x07, 0xFF, 0x7A, 0x6F, 0xDC, 0x00, 0x7F, 0xFF,
    0xFF, 0xF7, 0x7D, 0xE7, 0xBD, 0xE0, 0x0B, 0xFE, 0xFC, 0x48, 0x4E, 0xC6, 0xFF, 0xFF, 0xFC, 0x0F,
    0xF2, 0x1F, 0xFE, 0x3A, 0x6D, 0xE0, 0x1E, 0x1F, 0xFF, 0xFF, 0xE6, 0x7D, 0xE7, 0xBC, 0xC8, 0x39,
    0xFE, 0xFE, 0x1C, 0x60, 0x06, 0x7F, 0xFF, 0xFC, 0x07, 0xE0, 0x0F, 0xFE, 0x3A, 0x6D, 0x50, 0x01,
    0xDF, 0xFF, 0xFF, 0xDE, 0x7D, 0xE7, 0x3D, 0x98, 0x71, 0xFE, 0xFF, 0x9C, 0x01, 0xE7, 0x7F, 0xFF,
    0xFE, 0x13, 0x88, 0x07, 0xFE, 0xA6, 0x6D, 0x20, 0x00, 0x1F, 0xFF, 0xFF, 0x98, 0x7D, 0xE4, 0x7E,
    0x99, 0x47, 0xFE, 0xFF, 0xC4, 0x06, 0x07, 0x7F, 0xFF, 0xFE, 0x18, 0x30, 0x27, 0xFC, 0xA0, 0xED,
    0x03, 0xDB, 0xBF, 0xFF, 0xFF, 0x39, 0x7D, 0xE4, 0x3E, 0xDB, 0x11, 0xFE, 0xFF, 0xF0, 0x20, 0x60,
    0x7F, 0xFF, 0xFF, 0x9D, 0xF0, 0x07, 0xFC, 0x80, 0x4F, 0xCA, 0xDF, 0xBF, 0xFF, 0xFE, 0x73, 0x7D,
    0xE4, 0x1F, 0xC9, 0x30, 0xFF, 0xFF, 0xF0, 0x27, 0xF8, 0xFF, 0xFF, 0xFF, 0xDC, 0xF4, 0x07, 0xFC,
    0x12, 0x0F, 0xE2, 0x9F, 0xBF, 0xFF, 0xFC, 0xE7, 0x7D, 0xE5, 0x03, 0xC9, 0x30, 0x3F, 0xFF, 0xF0,
    0x20, 0x00, 0xFF, 0xFF, 0xFF, 0xF9, 0xFE, 0x07, 0xF8, 0xC8, 0x0F, 0xF2, 0x9F, 0xBF, 0xFF, 0xF9,
    0xCF, 0x7D, 0xE5, 0xCB, 0xC8, 0x10, 0xBF, 0xFF, 0xE0, 0x23, 0x00, 0xFF, 0xFF, 0xFF, 0xC1, 0xFF,
    0x87, 0xC3, 0xBF, 0xE3, 0xFA, 0x9F, 0xBF, 0xFF, 0xF3, 0x93, 0x7D, 0xE5, 0xF0, 0x08, 0x00, 0x20,
    0x00, 0x01, 0x26, 0x18, 0x7F, 0xFF, 0xF8, 0x0F, 0xFF, 0x01, 0xE7, 0x3F, 0xFA, 0xFA, 0xDF, 0xBF,
    0xFF, 0xE7, 0x23, 0x7D, 0xE5, 0xF9, 0x82, 0x00, 0x00, 0x00, 0x3D, 0x20, 0x3E, 0x7F, 0xFF, 0xF0,
    0x9F, 0xFE, 0x38, 0x2E, 0x3F, 0xED, 0xFA, 0xDF, 0xBF, 0xFF, 0xCE, 0x6B, 0x7D, 0xE5, 0xF8, 0x04,
    0x09, 0x87, 0x8B, 0x7C, 0x20, 0x7E, 0xFF, 0xFF, 0xED, 0x23, 0x80, 0x73, 0x9E, 0x3B, 0xEC, 0xFA,
    0xDF, 0xBF, 0xFF, 0xDC, 0xC3, 0x7D, 0xE5, 0xF9, 0x84, 0x89, 0x83, 0x88, 0x7C, 0x26, 0x7E, 0xFF,
    0xFF, 0xE9, 0x3F, 0xFC, 0x77, 0x94, 0xF1, 0xC6, 0xFA, 0xDF, 0xBF, 0xFF, 0xB9, 0x83, 0x7D, 0xE5,
    0xF8, 0xC0, 0x89, 0xA7, 0x8F, 0xE0, 0x08, 0x3E, 0xFF, 0xFF, 0xDB, 0x3F, 0xFC, 0xEF, 0xB4, 0x61,
    0x66, 0xFA, 0xDF, 0xBF, 0xFF, 0x73, 0x03, 0x7D, 0xE5, 0xF0, 0x00, 0x80, 0x00, 0x00, 0x00, 0x02,
    0x3E, 0xFF, 0xFF, 0xDB, 0x7F, 0xF8, 0xCF, 0xB0, 0x64, 0x72, 0xFA, 0xDF, 0xBF, 0xFC, 0xE6, 0x23,
    0x7D, 0xE4, 0xF1, 0x81, 0x80, 0x00, 0x00, 0x07, 0x27, 0x3E, 0xFF, 0xFF, 0x92, 0x01, 0xA1, 0xDF,
    0x10, 0x40, 0x3F, 0xFA, 0xDF, 0xBF, 0xFD, 0xCC, 0x63, 0x7D, 0xE4, 0xF3, 0x81, 0x18, 0xC0, 0x1C,
    0x3F, 0x37, 0x3E, 0xFF, 0xFF, 0xB3, 0x00, 0x01, 0xDE, 0x00, 0x10, 0x1B, 0xFB, 0xDF, 0xBF, 0xFB,
    0x98, 0xE3, 0x7D, 0xE6, 0xF3, 0x81, 0x38, 0xC0, 0x38, 0x3F, 0x33, 0x3E, 0xFF, 0xFF, 0xB3, 0xC0,
    0x03, 0x9F, 0x87, 0x9B, 0x9B, 0xFB, 0xDF, 0xBF, 0xF3, 0x11, 0xE3, 0x7D, 0xE6, 0xF3, 0x0B, 0x38,
    0xE3, 0x18, 0x3F, 0x9B, 0x3C, 0xFF, 0xFF, 0x33, 0xE1, 0x7F, 0x9F, 0x80, 0xD0, 0x9A, 0x7B, 0xDF,
    0xBF, 0xE6, 0x23, 0xE3, 0x7D, 0xE6, 0xF1, 0x43, 0x30, 0x60, 0x39, 0x3F, 0x13, 0x3D, 0xFF, 0xFF,
    0x77, 0xED, 0xFF, 0x9F, 0x80, 0x70, 0x12, 0x7B, 0xDF, 0xBF, 0xCC, 0x47, 0xE3, 0x7D, 0xE6, 0x70,
    0x52, 0x30, 0x60, 0x19, 0x0E, 0x18, 0x3D, 0xFF, 0xFE, 0x67, 0xFD, 0xFF, 0xBF, 0x00, 0xF8, 0x10,
    0x7B, 0xDF, 0x9F, 0x99, 0x8F, 0xE3, 0x7D, 0xE6, 0x71, 0x46, 0x02, 0x70, 0x19, 0x01, 0xDB, 0x3D,
    0xFF, 0xFE, 0xEF, 0xFF, 0xFF, 0x3F, 0xC0, 0xF8, 0x00, 0xFB, 0xDF, 0x8F, 0x31, 0x1F, 0xE3, 0x7D,
    0xE7, 0x70, 0x06, 0x62, 0x70, 0x71, 0x8F, 0xC8, 0x3D, 0xFF, 0xFD, 0xEF, 0xFF, 0xFF, 0x7F, 0xE4,
    0x79, 0x80, 0xFB, 0xDF, 0x8E, 0x62, 0x3F, 0xE3, 0x7D, 0xE7, 0x73, 0x06, 0x62, 0x30, 0x33, 0xAF,
    0xC9, 0x3D, 0xFF, 0xFD, 0xCF, 0xFF, 0xFE, 0x7F, 0xE7, 0x7F, 0xE0, 0xFB, 0xDF, 0xA4, 0xC4, 0x7F,
    0xE3, 0x7D, 0xE7, 0x40, 0x00, 0xE1, 0x33, 0x33, 0x8F, 0xE8, 0x09, 0xFF, 0xFC, 0x4F, 0xFF, 0xFE,
    0xFF, 0xF7, 0xFF, 0xF0, 0xFB, 0xDF, 0xB1, 0x88, 0xFF, 0xE3, 0x7D, 0xE0, 0x00, 0x40, 0xE2, 0x38,
    0x73, 0x0F, 0x80, 0x00, 0x00, 0x00, 0x0F, 0xFF, 0xFE, 0x7D, 0xF7, 0x9F, 0xC2, 0xFB, 0xDF, 0xBB,
    0x11, 0xFF, 0xE3, 0x7D, 0xE6, 0x13, 0x08, 0x91, 0x18, 0x26, 0xC3, 0x01, 0x01, 0xFF, 0xFE, 0x0F,
    0xFF, 0xFF, 0x4A, 0x63, 0xFF, 0x8F, 0xFB, 0xDF, 0x9F, 0x23, 0xFF, 0xE3, 0x7D, 0xE7, 0x73, 0x8F,
    0x04, 0x93, 0x21, 0xC0, 0xE4, 0x39, 0xFF, 0xFF, 0x07, 0xFF, 0xFF, 0x00, 0xC9, 0xFE, 0x0F, 0xFB,
    0xDF, 0xAE, 0x47, 0xFF, 0xE3, 0x7D, 0xE7, 0x73, 0x8F, 0xC6, 0x1D, 0xE3, 0x47, 0xEE, 0x3B, 0xFF,
    0xFF, 0x77, 0xFF, 0xFE, 0x1C, 0x1C, 0xF8, 0x1F, 0xFB, 0xDF, 0xA4, 0x87, 0xFF, 0xE3, 0x7D, 0xE0,
    0x73, 0x5F, 0x89, 0x0D, 0xC6, 0xE7, 0xEE, 0x38, 0x00, 0x00, 0x73, 0xE3, 0xFC, 0x3E, 0x0E, 0x00,
    0x1F, 0xFB, 0xDF, 0xB1, 0x1F, 0xFF, 0xE3, 0x7D, 0xE7, 0x72, 0xDF, 0x8E, 0x45, 0x89, 0xEB, 0xE2,
    0x39, 0xFD, 0xFF, 0x78, 0x80, 0x03, 0x7F, 0x3E, 0x18, 0xCF, 0x7B, 0xDF, 0xBB, 0x3F, 0xFF, 0xE3,
    0x7D, 0xE7, 0x60, 0x4F, 0x9F, 0x21, 0x87, 0xE3, 0xC8, 0x19, 0xFD, 0xFF, 0x7D, 0xFD, 0xCF, 0x7F,
    0x78, 0x03, 0x83, 0x7B, 0x5F, 0xBA, 0x3F, 0xFF, 0xE3, 0x75, 0xE7, 0x42, 0x6F, 0x5F, 0xC0, 0x0F,
    0xF1, 0xC8, 0x19, 0xFF, 0xF0, 0x7C, 0xFF, 0xFE, 0x6E, 0x73, 0x0E, 0x38, 0x7B, 0x5F, 0xBA, 0x3F,
    0xFF, 0xE3, 0x75, 0xE4, 0x08, 0x0F, 0x1F, 0xF0, 0x38, 0xF0, 0xD0, 0x00, 0x0C, 0x00, 0x4C, 0xFF,
    0xFE, 0x5E, 0x6F, 0x4C, 0xFE, 0x7B, 0x5F, 0xBA, 0x3F, 0xFF, 0xE3, 0x7D, 0xE4, 0x00, 0x0E, 0x3E,
    0x00, 0x03, 0xF1, 0xC0, 0x80, 0x08, 0x00, 0x04, 0xFF, 0xFE, 0x3E, 0x6F, 0x03, 0xFC, 0x7B, 0x5F,
    0xBA, 0x3F, 0xFF, 0xE3, 0x75, 0xE5, 0x06, 0x09, 0x3F, 0xFC, 0x7F, 0xF8, 0x61, 0x03, 0xC1, 0xC6,
    0xF0, 0xFF, 0xFC, 0x1E, 0x4F, 0x07, 0xF8, 0x7B, 0x5F, 0xBA, 0x3F, 0xFF, 0xE3, 0x75, 0xE5, 0x43,
    0x92, 0x7F, 0xF8, 0x3F, 0xFC, 0x07, 0x43, 0xC1, 0xCC, 0xF8, 0x7F, 0xFC, 0x3E, 0x1E, 0x07, 0x00,
    0x7B, 0x5F, 0xBA, 0x3F, 0xFF, 0xE3, 0x75, 0xE5, 0x40, 0x01, 0xFF, 0xF0, 0x3F, 0xFF, 0x00, 0x0B,
    0xC8, 0xCC, 0xF8, 0x7F, 0xF9, 0xFC, 0x3F, 0x00, 0x3F, 0x3B, 0x5F, 0xBA, 0x3F, 0xFF, 0xE3, 0x75,
    0xE5, 0x50, 0x83, 0xFF, 0xF4, 0x5F, 0xFF, 0x80, 0x0B, 0xC8, 0xC0, 0xFC, 0x7F, 0xF3, 0xFC, 0x3F,
    0x10, 0x00, 0xDB, 0x5F, 0xBA, 0x3F, 0xFF, 0xE3, 0x75, 0xE4, 0x5F, 0x87, 0xFF, 0xE4, 0x4F, 0xFF,
    0xC6, 0xC9, 0xC8, 0x01, 0xFC, 0x7F, 0xE7, 0xFC, 0x7E, 0x17, 0xB3, 0xEB, 0x5F, 0xBA, 0x3F, 0xFF,
    0xE3, 0x7D, 0xE4, 0x9F, 0xEF, 0xFF, 0xD8, 0x6F, 0xFF, 0xCE, 0xED, 0xCD, 0x81, 0xFC, 0x3F, 0xCF,
    0xF8, 0x3E, 0x07, 0xB7, 0x73, 0x5F, 0xBA, 0x3F, 0xFF, 0xE3, 0x7D, 0xE4, 0x9F, 0xEF, 0xFF, 0xD8,
    0x37, 0xFF, 0xCE, 0xED, 0xCD, 0x81, 0xF8, 0x1F, 0x1F, 0xF8, 0x1E, 0x02, 0xA7, 0x33, 0x5F, 0xBA,
    0x3F, 0xFF, 0xE3, 0x7D, 0xE4, 0x9F, 0xEF, 0xFF, 0xB8, 0x33, 0xFF, 0xCE, 0xE5, 0xCD, 0xC1, 0xF8,
    0x80, 0x7F, 0xE2, 0x0C, 0x06, 0xA7, 0x9B, 0x5F, 0xBA, 0x3F, 0xFF, 0xE3, 0x7D, 0xE4, 0x9F, 0xEF,
    0xFF, 0x79, 0x3B, 0xFF, 0xCE, 0xE4, 0xCD, 0xC0, 0xF9, 0xB6, 0xFF, 0xC2, 0x00, 0xA0, 0xE7, 0xCB,
    0xDF, 0xBA, 0x3F, 0xFF, 0xE3, 0x7D, 0xE4, 0xBF, 0xEF, 0xFF, 0xFB, 0xBF, 0xFF, 0xCE, 0xE4, 0xCD,
    0xC8, 0x01, 0x71, 0xFF, 0x90, 0x60, 0xA0, 0x00, 0xE3, 0xDF, 0xBA, 0x3F, 0xFF, 0xE3, 0x7D, 0xED,
    0xBC, 0xEF, 0xFF, 0xF3, 0xBF, 0xFF, 0xCC, 0xE6, 0xCD, 0xC8, 0x53, 0xF3, 0xFF, 0x18, 0x70, 0xA0,
    0x40, 0xF1, 0xDF, 0xBA, 0x3F, 0xFF, 0xE3, 0x7D, 0xED, 0xBC, 0xE7, 0xFF, 0xF3, 0x9F, 0xFF, 0xCC,
    0xF6, 0xCD, 0xC8, 0x79, 0xC0, 0xFE, 0x68, 0x77, 0xBF, 0xC4, 0xF9, 0xDF, 0xBA, 0x3F, 0xFF, 0xE3,
    0x7D, 0xED, 0xBC, 0xE7, 0xFF, 0xF3, 0x9F, 0xFF, 0xCC, 0x76, 0xCD, 0xC9, 0x80, 0x1C, 0x78, 0xE8,
    0xD7, 0xBF, 0xC0, 0xF9, 0xDF, 0xBA, 0x3F, 0xFF, 0xE3, 0x7D, 0xC1, 0xA4, 0x27, 0xFF, 0xF7, 0x9F,
    0xFF, 0xCC, 0x36, 0xCD, 0xC8, 0x30, 0x3E, 0x73, 0xEC, 0x87, 0xBF, 0xC0, 0x01, 0xDF, 0xBA, 0x3F,
    0xFF, 0xE3, 0x7D, 0xEB, 0x2C, 0x27, 0xFF, 0xE3, 0xDF, 0xFF, 0xCC, 0x36, 0x4D, 0xC0, 0xE0, 0x1E,
    0x20, 0xFC, 0x47, 0xBF, 0xC2, 0x01, 0xDF, 0xBA, 0x3F, 0xFF, 0xE3, 0x7D, 0xEB, 0x2C, 0xE7, 0xFF,
    0xE3, 0xCF, 0xFF, 0xCC, 0x06, 0x4D, 0x88, 0x8F, 0xDF, 0x01, 0xFD, 0xEF, 0x07, 0xC0, 0xF9, 0xDF,
    0xBA, 0x3F, 0xFF, 0xE3, 0x7D, 0xE3, 0x2C, 0xCF, 0xFF, 0xE3, 0xCF, 0xFF, 0xED, 0xB7, 0x4D, 0x38,
    0x0F, 0xEF, 0x3E, 0xFD, 0xEE, 0x3F, 0x88, 0x01, 0xDF, 0xBA, 0x3F, 0xFF, 0xE3, 0x7D, 0xE3, 0x3D,
    0xCF, 0xFF, 0xF7, 0xCF, 0xFD, 0xE5, 0xF7, 0x4C, 0x7C, 0x07, 0xE7, 0x7F, 0xF9, 0xEE, 0x7F, 0x08,
    0x01, 0xDF, 0xBA, 0x3F, 0xFF, 0xE3, 0x7D, 0xE7, 0x3D, 0xEE, 0x1F, 0xF7, 0xCF, 0xF0, 0x6D, 0xF3,
    0x09, 0xFE, 0x0B, 0xC2, 0x7F, 0xFB, 0xE0, 0x1E, 0x48, 0xFB, 0xDF, 0xBA, 0x3F, 0xFF, 0xE3, 0x5D,
    0xE7, 0x5D, 0xE0, 0x0F, 0xF7, 0xDF, 0xE4, 0x0D, 0xF3, 0x03, 0xFE, 0x10, 0x00, 0xFF, 0xF3, 0xE0,
    0x00, 0xC8, 0xFB, 0x9F, 0xB2, 0x00, 0x00, 0x23, 0x5D, 0xE7, 0x3C, 0xE0, 0x02, 0x67, 0xCC, 0x81,
    0x09, 0xF3, 0x8F, 0xFE, 0x28, 0xF9, 0xFF, 0xF0, 0x20, 0x43, 0xCC, 0xFB, 0x9F, 0x82, 0x01, 0xFC,
    0x03, 0x5D, 0xE7, 0x3C, 0xE7, 0x60, 0xCD, 0x2E, 0x0D, 0xC8, 0x73, 0x9F, 0xFE, 0x03, 0xFF, 0xFF,
    0xE1, 0x08, 0x03, 0xCC, 0xFB, 0x9E, 0xBF, 0xF8, 0x00, 0x03, 0x5D, 0xE7, 0x7C, 0xCF, 0x78, 0x01,
    0xA4, 0x1E, 0xE8, 0xF3, 0x3F, 0xE0, 0x0F, 0xFF, 0xFF, 0xE5, 0x8E, 0x00, 0xDE, 0xFA, 0x9E, 0xBF,
    0xFF, 0xFF, 0xFF, 0x5D, 0xEF, 0x7C, 0xCE, 0xFC, 0x80, 0x30, 0x7E, 0xE3, 0xFA, 0x7F, 0xFE, 0x7F,
    0xFF, 0xFF, 0xCD, 0x06, 0x7E, 0xDE, 0xFA, 0x9E, 0x3F, 0xFF, 0xFF, 0xFF, 0x5D, 0xEF, 0x7C, 0xDE,
    0xFE, 0x18, 0x30, 0xFE, 0xE3, 0xFA, 0xFF, 0xF1, 0xFF, 0xFF, 0xFF, 0xC1, 0x11, 0x5F, 0x5E, 0xFB,
    0x96, 0x81, 0xFF, 0xFF, 0xFF, 0x5D, 0xEF, 0x7C, 0xCE, 0xFE, 0x1F, 0xB0, 0xFF, 0xF3, 0xF9, 0xFF,
    0xFF, 0xFF, 0xFF, 0xFF, 0x80, 0x1C, 0x2E, 0x00, 0x00, 0x00, 0x00, 0x00, 0x1F, 0xFF, 0x5D, 0xEF,
    0x7E, 0xC3, 0xFE, 0x0F, 0xF0, 0x7F, 0xE3, 0xF9, 0xFF, 0xFF, 0xFF, 0xFF, 0xFE, 0x3C, 0x24, 0x10,
    0x08, 0xFF, 0xCF, 0xFE, 0x00, 0x00, 0x00, 0x5D, 0xCE, 0x7E, 0xCF, 0x86, 0x0F, 0xF0, 0xFF, 0xE3,
    0xFB, 0xFF, 0xFF, 0xFF, 0xFF, 0xFC, 0x3F, 0xF0, 0x87, 0x0E, 0xFF, 0xFF, 0x80, 0x6F, 0xFC, 0x00,
    0x5D, 0xCE, 0x7E, 0x8E, 0xFE, 0x03, 0xE0, 0x7F, 0x67, 0xFB, 0xFF, 0xFF, 0xFF, 0xFF, 0xF8, 0x9F,
    0xF3, 0xFF, 0xEC, 0xFF, 0x00, 0xFF, 0xCF, 0xFF, 0xFF, 0x5D, 0xDE, 0x7E, 0xCE, 0xFE, 0x21, 0xC0,
    0x7F, 0x6F, 0xFB, 0xFF, 0xFF, 0xFF, 0xFF, 0xF1, 0xCF, 0xC0, 0x7F, 0xEC, 0x00, 0xFF, 0xC0, 0x0F,
    0xFF, 0xF8, 0x5D, 0xDE, 0x7E, 0xC6, 0xFC, 0x30, 0x48, 0x7E, 0xCF, 0xFB, 0xFF, 0xFF, 0xFF, 0xFF,
    0x67, 0xF7, 0xC7, 0x3F, 0xEC, 0xFF, 0xE0, 0x0F, 0x3F, 0x01, 0xFF, 0x55, 0x9E, 0x7E, 0xC2, 0xF8,
    0xB0, 0x1A, 0x3E, 0x87, 0xF3, 0xFF, 0xFF, 0xFF, 0xEB, 0x6F, 0xF3, 0xCF, 0x9F, 0xED, 0xC0, 0x07,
    0xFF, 0xBF, 0xFF, 0xFF, 0x55, 0x9E, 0x7F, 0xD1, 0xC0, 0x9E, 0x12, 0x07, 0x17, 0xF3, 0xFF, 0xFF,
    0xFF, 0xF2, 0xCF, 0xFB, 0x9F, 0xCF, 0xED, 0x07, 0xFF, 0xFF, 0xBF, 0xF8, 0x3F, 0x55, 0x9E, 0x7F,
    0x98, 0x23, 0x8F, 0xC3, 0x88, 0x37, 0xF3, 0xFB, 0xFF, 0xFF, 0xF2, 0x8F, 0xF9, 0xBF, 0xE7, 0xED,
    0xFF, 0xFF, 0xFF, 0x80, 0x7F, 0xFF, 0x55, 0x9E, 0x7F, 0x1C, 0x0F, 0x83, 0xC3, 0xE0, 0x73, 0xF3,
    0xFB, 0xFF, 0xFF, 0xF8, 0x0E, 0xF0, 0xBF, 0xE7, 0xCD, 0xFF, 0xFF, 0xFF, 0xB8, 0x00, 0x07, 0x55,
    0xBE, 0x7F, 0x8E, 0x7D, 0x83, 0xC1, 0x7E, 0xE3, 0xF3, 0xFB, 0xFD, 0xFF, 0xF8, 0x0E, 0xC0, 0x3F,
    0xE3, 0x0D, 0xFF, 0xFF, 0xFF, 0xBE, 0x07, 0xC0, 0x1D, 0xBE, 0x7F, 0xA3, 0xFA, 0x0F, 0xE0, 0x9F,
    0xCB, 0xF3, 0xFB, 0xFB, 0xFF, 0xF8, 0x8F, 0xC0, 0xBF, 0x80, 0x20, 0xFF, 0xFF, 0xFF, 0x81, 0xFF,
    0xFF, 0x00, 0x3E, 0x7F, 0xB8, 0x00, 0x9F, 0xF2, 0x00, 0x1B, 0xF3, 0xF9, 0xFB, 0xFF, 0xFC, 0x2F,
    0xC0, 0x9F, 0x80, 0x00, 0xFF, 0xFF, 0xF0, 0x3F, 0xFF, 0xFF, 0x8F, 0xBE, 0x7F, 0x3C, 0x1F, 0x9D,
    0xF3, 0xF8, 0x7B, 0xF7, 0xFD, 0xFB, 0xFF, 0xFC, 0xEF, 0xC8, 0x1F, 0xB8, 0xFD, 0xFF, 0xF8, 0x03,
    0xFF, 0xFF, 0xE1, 0xFF, 0xBE, 0x7F, 0x3C, 0x7F, 0x80, 0x43, 0xFE, 0x39, 0xF7, 0xFD, 0xFB, 0xFF,
    0xFC, 0xE7, 0xEF, 0x9F, 0x9E, 0xFD, 0xF8, 0x03, 0xFF, 0xFF, 0xF0, 0x7F, 0xFF, 0xBE, 0x7F, 0x78,
    0x7F, 0x93, 0x43, 0xFC, 0x38, 0xE7, 0xFD, 0xFB, 0xFF, 0xFE, 0x07, 0xEF, 0xDF, 0xC0, 0x3C, 0x01,
    0xFF, 0xFF, 0xFE, 0x1F, 0xFF, 0xFF, 0x3E, 0x7F, 0x78, 0x7F, 0xD7, 0xE7, 0xFC, 0x1D, 0xE7, 0xFD,
    0xF3, 0xFF, 0xFE, 0x07, 0x87, 0xDF, 0xC0, 0x00, 0x7F, 0xFF, 0xFF, 0x03, 0x80, 0xFF, 0xFC, 0x3E,
    0x6F, 0x78, 0x7F, 0xD9, 0xF7, 0xFD, 0x1C, 0xE6, 0xFC, 0xF7, 0xFF, 0xFE, 0xE0, 0x23, 0xDF, 0x8F,
    0xFC, 0xFF, 0xFF, 0xE1, 0xFF, 0xFF, 0xC0, 0x07, 0x3E, 0x4F, 0x31, 0x7F, 0xDF, 0xF7, 0xFD, 0x5D,
    0xE6, 0xFE, 0xF7, 0xFF, 0xFE, 0x37, 0xE0, 0x0F, 0x0F, 0xFD, 0xFF, 0xF0, 0x3F, 0xFF, 0xFF, 0xF6,
    0xFF, 0x7E, 0x07, 0x91, 0x3F, 0x1F, 0xF1, 0xFD, 0x59, 0x86, 0xFE, 0xF7, 0xFF, 0xFE, 0x07, 0xEC,
    0x00, 0x4F, 0xFD, 0xFC, 0x1F, 0xFF, 0xFF, 0xFC, 0x3F, 0xFF, 0x7F, 0x03, 0xC5, 0xB8, 0x1F, 0xF8,
    0x39, 0x47, 0x06, 0xFE, 0xF7, 0xFF, 0xFF, 0x77, 0xE7, 0xCF, 0xC0, 0x3D, 0x87, 0xFF, 0xFF, 0xFF,
    0x87, 0xFF, 0xFF, 0x3F, 0x78, 0x45, 0x80, 0x0F, 0xFC, 0x03, 0x64, 0x4C, 0xFE, 0xF7, 0xFF, 0xFF,
    0x77, 0xC0, 0x0F, 0xC0, 0x00, 0xFF, 0xFF, 0xFF, 0xF0, 0xFF, 0xFF, 0xFE, 0x3F, 0x7E, 0x0D, 0x8C,
    0x7F, 0xFE, 0x63, 0x60, 0x0D, 0xFF, 0x77, 0xFD, 0xFF, 0x77, 0xC4, 0x0F, 0xDF, 0x80, 0xFF, 0xFF,
    0xFE, 0x1F, 0xFF, 0xFF, 0xE1, 0x8F, 0x7F, 0xCD, 0xFC, 0x3F, 0xDE, 0x7F, 0x67, 0xDD, 0xFF, 0x77,
    0xFD, 0xFF, 0x33, 0xDD, 0xAF, 0xC0, 0x0E, 0xFF, 0xFF, 0xC3, 0xFF, 0xFF, 0xF8, 0x1F, 0x8F, 0x7F,
    0xED, 0xFC, 0x00, 0x00, 0x7F, 0x68, 0x1D, 0xFF, 0x6F, 0xFD, 0xFF, 0x3B, 0xD8, 0x07, 0xD8, 0x00,
    0xFF, 0xE0, 0x7F, 0xFF, 0xFF, 0x03, 0xF0, 0xEF, 0x7F, 0xED, 0xF9, 0xF8, 0x0F, 0x3F, 0x6F, 0xDD,
    0xFF, 0xAF, 0xFE, 0xFF, 0x83, 0xDA, 0x07, 0xDF, 0xA0, 0xFE, 0x1F, 0xFF, 0xFF, 0xE0, 0xFF, 0x0F,
    0xF7, 0x7F, 0xED, 0xFB, 0xFF, 0xFF, 0xBF, 0x6F, 0xDD, 0xFF, 0xAF, 0xFE, 0xFF, 0xBB, 0xC0, 0x87,
    0x9F, 0xB8, 0x83, 0xFF, 0xFF, 0xFC, 0x0F, 0xE1, 0xFF, 0xF9, 0x7F, 0xED, 0xFB, 0xFF, 0xFF, 0xBF,
    0x6F, 0x9D, 0xFF, 0xAF, 0xFE, 0xFF, 0x9B, 0xC0, 0x07, 0x83, 0xB8, 0x1F, 0xFF, 0xFF, 0xC1, 0xFE,
    0x1F, 0xFF, 0xFC, 0x7F, 0xED, 0xFB, 0xFF, 0xFF, 0xBF, 0x2F, 0x9D, 0xFF, 0xEF, 0xFE, 0xFF, 0x81,
    0xC0, 0x07, 0x80, 0x38, 0xF0, 0x1F, 0xF0, 0x3F, 0xC1, 0xFF, 0xFF, 0xFE, 0x7F, 0xED, 0xFB, 0xFF,
    0xFF, 0xBF, 0xAF, 0xB9, 0xFF, 0xEF, 0xFE, 0xFF, 0xD6, 0x82, 0x07, 0x80, 0x38, 0xFF, 0xF0, 0x07,
    0xF8, 0x7F, 0xFF, 0xFF, 0xFF, 0xFF, 0xCB, 0xFB, 0xFF, 0xFF, 0xBF, 0xA7, 0xB9, 0xFF, 0xEF, 0xFE,
    0xFF, 0xC2, 0x20, 0x00, 0x8F, 0x78, 0xFF, 0xC0, 0xFF, 0x87, 0xFF, 0xFF, 0xFF, 0xFF, 0xFF, 0xDF,
    0xFB, 0xFF, 0xFF, 0xBF, 0xF7, 0xB9, 0xFF, 0xFF, 0xFE, 0xFF, 0xC0, 0xE1, 0x86, 0x03, 0x7E, 0xF8,
    0x0F, 0xF0, 0xFF, 0xFF, 0xFF, 0xFF, 0xFF, 0xFF, 0x81, 0xFB, 0xFF, 0xFF, 0xBF, 0x03, 0xBB, 0xFF,
    0xFF, 0xFE, 0x7F, 0xCD, 0xE0, 0x83, 0x20, 0x7F, 0x83, 0xFF, 0x1F, 0xFF, 0xFF, 0xFF, 0xFF, 0xFF,
    0xFF, 0x96, 0x7B, 0xFF, 0xFF, 0xBE, 0x43, 0x3B, 0xFF, 0xFF, 0xFF, 0x7F, 0x81, 0xC4, 0x00, 0x6E,
    0x7E, 0x3F, 0xE0, 0xFF, 0xFF, 0xFF, 0xFF, 0xFF, 0xFF, 0xFF, 0x81, 0x33, 0xFF, 0xFF, 0x99, 0x03,
    0x7B, 0xFF, 0xFF, 0xFF, 0x7F, 0x3B, 0x85, 0x88, 0xEF, 0x0E, 0xFC, 0x3F, 0xFF, 0xFF, 0xFF, 0xFF,
    0xFF, 0xFF, 0xFF, 0xAE, 0x03, 0xFF, 0xFF, 0x80, 0xEB, 0x7B, 0xFF, 0xFF, 0xFF, 0x7E, 0x7E, 0x1D,
    0xC0, 0xCF, 0xB8, 0xC7, 0xFF, 0xFF, 0xFF, 0xFF, 0xFF, 0xFF, 0xFF, 0xFF, 0x6F, 0x0B, 0xFF, 0xFF,
    0xA1, 0xED, 0x7B, 0xFF, 0xFF, 0xFF, 0x7E, 0xFE, 0x78, 0x19, 0x8F, 0xB8, 0xFF, 0xFF, 0xFF, 0xFF,
    0xFF, 0xFF, 0xFF, 0xFF, 0xFE, 0x1F, 0xAB, 0xFF, 0xFF, 0xAB, 0xF0, 0x1B, 0xFF, 0xFF, 0xFF, 0x7E,
    0xF8, 0xFD, 0xBF, 0x9F, 0xBC, 0xFF, 0xFF, 0xFF, 0xFF, 0xFF, 0xFF, 0xFF, 0xFF, 0xFC, 0x47, 0xCB,
    0xFF, 0xFF, 0xB3, 0xE0, 0x4B, 0xFF, 0xFF, 0xFF, 0x7E, 0x00, 0x0D, 0x7F, 0xBF, 0xBE, 0xFF, 0xFF,
    0xFF, 0xFF, 0xFF, 0xFF, 0xFF, 0xFF, 0xF9, 0xBB, 0xDB, 0xFF, 0xFF, 0xB7, 0x9D, 0x23, 0xFF, 0xFF,
    0xFF, 0x7E, 0x02, 0x00, 0x7F, 0x3F, 0x1E, 0xFF, 0xFF, 0xFF, 0xFF, 0xFF, 0xFF, 0xFF, 0xFF, 0xE6,
    0x7D, 0xC3, 0xFF, 0xFF, 0x87, 0x3E, 0x9B, 0xFF, 0xFF, 0xFF, 0x7F, 0xE7, 0xF0, 0x7E, 0x7F, 0x08,
    0xFF, 0xFF, 0xFF, 0xFF, 0xFF, 0xFF, 0xFF, 0xFF, 0xCD, 0xFE, 0x8B, 0xFF, 0xFF, 0x82, 0x7F, 0x6B,
    0xFF, 0xFF, 0xFF, 0x7F, 0xE0, 0x7F, 0x38, 0x3F, 0x61, 0xFF, 0xFF, 0xFF, 0xFF, 0xFF, 0xFF, 0xFF,
    0xFF, 0xDB, 0xFE, 0x03, 0xFF, 0xFF, 0x88, 0xFF, 0xA0, 0xFF, 0xFF, 0xFF, 0xBF, 0xC0, 0xFF, 0x00,
    0x03, 0x79, 0xFF, 0xFF, 0xFF, 0xFF, 0xFF, 0xFF, 0xFF, 0xFF, 0xDB, 0xFE, 0x0F, 0xFF, 0xFF, 0xE0,
    0xFF, 0xF6, 0x3F, 0xFF, 0xFF, 0xFF, 0x18, 0x3F, 0xC3, 0x80, 0x79, 0xFF, 0xFF, 0xFF, 0xFF, 0xFF,
    0xFF, 0xFF, 0xFF, 0xDB, 0xFC, 0x7F, 0xFF, 0xFF, 0xFC, 0x7F, 0xD7, 0x80, 0x3F, 0xFF, 0x80, 0x7F,
    0x81, 0xF8, 0xF8, 0x79, 0xFF, 0xFF, 0xFF, 0xFF, 0xFF, 0xFF, 0xFF, 0xFF, 0x83, 0x80, 0xFF, 0xFF,
    0xFF, 0xFC, 0x03, 0x87, 0xFD, 0x8F, 0xFF, 0x03, 0xFF, 0xFC, 0x0D, 0xE0, 0x79, 0xFF, 0xFF, 0xFF,
    0xFF, 0xFF, 0xFF, 0xFF, 0xFF, 0xC8, 0x31, 0xFF, 0xFF, 0xFF, 0xFF, 0x10, 0x27, 0xF9, 0xE1, 0xFE,
    0x3F, 0xFF, 0xFF, 0xC0, 0x1F, 0x79, 0xFF, 0xFF, 0xFF, 0xFF, 0xFF, 0xFF, 0xFF, 0xFF, 0xE0, 0x07,
    0xFF, 0xFF, 0xFF, 0xFF, 0xC0, 0x0F, 0xF3, 0x88, 0x00, 0x3F, 0xFF, 0xFF, 0xFC, 0x0F, 0x78, 0xFF,
    0xFF, 0xFF, 0xFF, 0xFF, 0xFF, 0xFF, 0xFF, 0xFF, 0xFF, 0xFF, 0xFF, 0xFF, 0xFF, 0xFF, 0xFF, 0xE1,
    0x31, 0xE7, 0x7F, 0xFF, 0xFF, 0xFF, 0xC1, 0x79, 0xFF, 0xFF, 0xFF, 0xFF, 0xFF, 0xFF, 0xFF, 0xFF,
    0xFF, 0xFF, 0xFF, 0xFF, 0xFF, 0xFF, 0xFF, 0xFF, 0xCC, 0xE3, 0xCC, 0x7F, 0xFF, 0xFF, 0xFF, 0xFC,
    0x79, 0xFF, 0xFF, 0xFF, 0xFF, 0xFF, 0xFF, 0xFF, 0xFF, 0xFF, 0xFF, 0xFF, 0xFF, 0xFF, 0xFF, 0xFF,
    0xFF, 0xBF, 0xC0, 0x18, 0x7F, 0xFF, 0xFF, 0xFF, 0xFF, 0x38, 0xFF, 0xFF, 0xFF, 0xFF, 0xFF, 0xFF,
    0xFF, 0xFF, 0xFF, 0xFF, 0xFF, 0xFF, 0xFF, 0xFF, 0xFF, 0xFF, 0x7F, 0x8E, 0x70, 0xFF, 0xFF, 0xFF,
    0xFF, 0xFF, 0x00, 0xFF, 0xFF, 0xFF, 0xFF, 0xFF, 0xFF, 0xFF, 0xFF, 0xFF, 0xFF, 0xFF, 0xFF, 0xFF,
    0xFF, 0xFF, 0xFF, 0x7E, 0x1F, 0xE0, 0xFF, 0xFF, 0xFF, 0xFF, 0xFF, 0xB2, 0xFF, 0xFF, 0xFF, 0xFF,
    0xFF, 0xFF, 0xFF, 0xFF, 0xFF, 0xFF, 0xFF, 0xFF, 0xFF, 0xFF, 0xFF, 0xFF, 0x00, 0x3F, 0xEF, 0xFF,
    0xFF, 0xFF, 0xFF, 0xFF, 0xB6, 0xFF, 0xFF, 0xFF, 0xFF, 0xFF, 0xFF, 0xFF, 0xFF, 0xFF, 0xFF, 0xFF,
    0xFF, 0xFF, 0xFF, 0xFF, 0xFF, 0x01, 0x3F, 0x8F, 0xFF, 0xFF, 0xFF, 0xFF, 0xFF, 0x36, 0xFF, 0xFF,
    0xFF, 0xFF, 0xFF, 0xFF, 0xFF, 0xFF, 0xFF, 0xFF, 0xFF, 0xFF, 0xFF, 0xFF, 0xFF, 0xFF, 0xFF, 0x00,
    0x1F, 0xFF, 0xFF, 0xFF, 0xFF, 0xFF, 0x1C, 0xFF, 0xFF, 0xFF, 0xFF, 0xFF, 0xFF, 0xFF, 0xFF, 0xFF,
    0xFF, 0xFF, 0xFF, 0xFF, 0xFF, 0xFF, 0xFF, 0xFF, 0x80, 0x7F, 0xFF, 0xFF, 0xFF, 0xFF, 0xFF, 0x60,
    0xFF, 0xFF, 0xFF, 0xFF, 0xFF, 0xFF, 0xFF, 0xFF, 0xFF, 0xFF, 0xFF, 0xFF, 0xFF, 0xFF, 0xFF, 0xFF,
    0xFF, 0xE7, 0xFF, 0xFF, 0xFF, 0xFF, 0xFF, 0xFF, 0x78, 0xFF, 0xFF, 0xFF, 0xFF, 0xFF, 0xFF, 0xFF,
    0xFF, 0xFF, 0xFF, 0xFF, 0xFF, 0xFF, 0xFF, 0xFF, 0xFF, 0xFF, 0xFF, 0xFF, 0xFF, 0xFF, 0xFF, 0xFF,
    0xFF, 0x78, 0xFF, 0xFF, 0xFF, 0xFF, 0xFF, 0xFF, 0xFF, 0xFF, 0xFF, 0xFF, 0xFF, 0xFF, 0xFF, 0xFF,
    0xFF, 0xFF, 0xFF, 0xFF, 0xFF, 0xFF, 0xFF, 0xFF, 0xFF, 0xFF, 0x38, 0xFF, 0xFF, 0xFF, 0xFF, 0xFF,
    0xFF, 0xFF, 0xFF, 0xFF, 0xFF, 0xFF, 0xFF, 0xFF, 0xFF, 0xFF, 0xFF, 0xFF, 0xFF, 0xFF, 0xFF, 0xFF,
    0xFF, 0xFF, 0xFF, 0x81, 0xFF, 0xF9, 0xFF, 0xFF, 0xFF, 0xFF, 0xFF, 0xFF, 0xFF, 0xFF, 0xFF, 0xFF,
    0xFF, 0xFF, 0xFF, 0xFF, 0xFF, 0xFF, 0xFF, 0xFF, 0xFF, 0xFF, 0xFF, 0xFF, 0xFF, 0xFF, 0xFF, 0xFF,
    0xFF, 0xFF, 0xFF, 0xFF, 0xFF, 0xFF, 0xFF, 0xFF, 0xFF, 0xFF, 0xFF, 0xFF, 0xFF, 0xFF, 0xFF, 0xFF,
    0xFF, 0xFF, 0xFF, 0xFF, 0xFF, 0xFF, 0xFE, 0x7F, 0xFF, 0xFF, 0xFF, 0xFF, 0xFF, 0xFF, 0xFF, 0xFF,
    0xFF, 0xFF, 0xFF, 0xFF, 0xFF, 0xFF, 0xFF, 0xFF, 0xFF, 0xFF, 0xFF, 0xFF, 0xFF, 0xFF, 0xFF, 0xF3,
    0xFF, 0xFF, 0xFF, 0xFF, 0xFF, 0xFF, 0xFF, 0xFF, 0xFF, 0xFF, 0xFF, 0xFF, 0xFF, 0xFF, 0xFF, 0xFF,
    0xFF, 0xFF, 0xFF, 0xFF, 0xFF, 0xFF, 0xFF, 0xFF,
};

const uint8_t APP_VIDEO_FRAME_03[5000] = {
    0xAF, 0xF4, 0xFF, 0xFF, 0xFF, 0xE0, 0x01, 0xFF, 0x87, 0xFF, 0xFF, 0xC7, 0xFE, 0x7F, 0x9F, 0xFF,
    0xEF, 0xFF, 0xE0, 0x01, 0xFF, 0xFF, 0xFF, 0xFC, 0x00, 0xAF, 0x04, 0xFF, 0xFF, 0xFF, 0xF8, 0x00,
    0x7F, 0xF1, 0xFF, 0xFF, 0xF3, 0xFF, 0x9F, 0xE7, 0x3F, 0xF3, 0xFF, 0x80, 0xFF, 0x1F, 0xF8, 0x7F,
    0x00, 0x01, 0xA0, 0xE4, 0xFF, 0xFF, 0xFF, 0xFF, 0x1D, 0x0F, 0xFC, 0x7F, 0xFF, 0xFC, 0x7E, 0x03,
    0xFB, 0xDF, 0xFC, 0xC0, 0x1F, 0xFF, 0xFF, 0xFF, 0x80, 0x00, 0x7F, 0x2C, 0x04, 0xFF, 0xFF, 0xFF,
    0xFF, 0x5D, 0xE3, 0xFF, 0x1F, 0xFF, 0xFF, 0x01, 0xF9, 0xFF, 0xFF, 0xF8, 0x0F, 0xFF, 0xFF, 0xFF,
    0xE0, 0x00, 0x3F, 0xFF, 0xA0, 0x74, 0xFF, 0xFF, 0xFF, 0xFF, 0x4D, 0x40, 0x7F, 0xE3, 0xFF, 0xFF,
    0xC7, 0xFE, 0x7F, 0xBC, 0x01, 0xFF, 0xFF, 0xFF, 0xF0, 0x00, 0x0F, 0xFF, 0xFF, 0x2F, 0xF4, 0xFF,
    0xFF, 0xFF, 0xFF, 0x45, 0x40, 0x1F, 0xF8, 0xFF, 0xFF, 0xF1, 0xFF, 0x8F, 0x00, 0xFF, 0xFF, 0xFF,
    0xF8, 0x00, 0x07, 0xFF, 0xFF, 0xFF, 0xAF, 0xF4, 0xFF, 0xFF, 0x3F, 0xFF, 0x45, 0xC6, 0x07, 0xFE,
    0x3F, 0xE7, 0xFE, 0x7F, 0xE0, 0x3F, 0xFF, 0xFF, 0xFE, 0x00, 0x07, 0xFF, 0xFF, 0xFF, 0xFF, 0xAF,
    0xF4, 0xFF, 0xFE, 0xDF, 0xFF, 0x45, 0xC7, 0x80, 0xFF, 0x87, 0xF9, 0xFF, 0x80, 0x0F, 0xFF, 0xFF,
    0xFF, 0x00, 0x01, 0xFF, 0xFF, 0xFF, 0xFF, 0xFF, 0xAF, 0xF4, 0xFF, 0xFD, 0xEF, 0xFF, 0x45, 0xC7,
    0xF0, 0x3F, 0xF1, 0xFF, 0x7E, 0x03, 0xFF, 0xFF, 0xFF, 0xC0, 0x00, 0xFF, 0xFF, 0xFF, 0xFF, 0xFF,
    0xFF, 0xAF, 0xF4, 0xFF, 0xFB, 0xF7, 0xFF, 0x45, 0xC7, 0xFC, 0x07, 0xFC, 0x7E, 0x00, 0x7F, 0xFF,
    0xFF, 0xF0, 0x00, 0x3F, 0xFF, 0xFF, 0xFF, 0xFF, 0xFF, 0xFF, 0xAF, 0xF4, 0xFF, 0xF7, 0xFB, 0xFF,
    0x55, 0xC7, 0xFF, 0x80, 0xFF, 0x00, 0x37, 0xFF, 0xFF, 0xF8, 0x00, 0x1F, 0xFF, 0xFF, 0xFF, 0xFF,
    0xFF, 0xFF, 0xFF, 0xAF, 0xF4, 0xFF, 0xE7, 0xFD, 0xFF, 0x75, 0xC7, 0xFB, 0xE0, 0x77, 0x4E, 0x7F,
    0xFF, 0xFE, 0x00, 0x06, 0x7F, 0xFF, 0xFF, 0xFF, 0xFF, 0xFF, 0xFF, 0xFF, 0xAF, 0xF4, 0xFF, 0xEF,
    0xFE, 0xFF, 0x75, 0xC7, 0xF7, 0xFC, 0x0E, 0x8E, 0x7F, 0xFF, 0x00, 0x03, 0xF6, 0x7F, 0xFF, 0xFF,
    0xFF, 0xFF, 0xFF, 0xFF, 0xFF, 0xAF, 0xF4, 0xFF, 0xDF, 0xFF, 0x7F, 0x75, 0xC7, 0xEF, 0xFD, 0x03,
    0x0E, 0x4F, 0xC0, 0x01, 0xF7, 0xF6, 0x7F, 0xFF, 0xFF, 0xFF, 0xFF, 0xFF, 0xFF, 0xFF, 0xAE, 0x04,
    0xFF, 0xBF, 0xFF, 0xBF, 0x75, 0xC7, 0xFF, 0xFF, 0xE0, 0x4E, 0x60, 0x00, 0x3F, 0xFF, 0xF6, 0x7F,
    0xFF, 0xFF, 0xFF, 0xFF, 0xFF, 0xFF, 0xFF, 0x81, 0xF8, 0xFF, 0x7F, 0xFF, 0xDF, 0x75, 0xC7, 0xDF,
    0xFF, 0xF8, 0x00, 0x00, 0x3F, 0xFF, 0xEF, 0xF6, 0x7F, 0xFF, 0xFF, 0xFF, 0xFF, 0xFF, 0xFF, 0xFF,
    0x7F, 0xF8, 0xFE, 0xFF, 0xFF, 0xEF, 0x75, 0xC7, 0xBF, 0xFF, 0xFE, 0x00, 0x07, 0xFF, 0xFF, 0xDF,
    0xF6, 0x7F, 0xFF, 0xFF, 0xFF, 0xFF, 0xFF, 0xFF, 0xFF, 0xFE, 0x00, 0xFD, 0xFF, 0xFF, 0xF7, 0x75,
    0xC7, 0x7F, 0xFF, 0xFE, 0x02, 0x41, 0xFF, 0xFF, 0xDF, 0xF6, 0x7F, 0xFF, 0xFF, 0xFF, 0xFF, 0xFF,
    0xFF, 0xFF, 0xC0, 0x0F, 0xFD, 0xFF, 0xFF, 0xFB, 0x75, 0xC6, 0xFF, 0xFF, 0xFE, 0x7F, 0xF1, 0xFF,
    0xFF, 0xBF, 0xF6, 0x7F, 0xFF, 0xFF, 0xFF, 0xFF, 0xFF, 0xFF, 0xFF, 0x01, 0xFF, 0xF3, 0xFF, 0xFF,
    0xFD, 0x75, 0xC6, 0xFF, 0xFF, 0xF8, 0xF7, 0xF8, 0x7F, 0xFF, 0xBF, 0xF6, 0x7F, 0xFF, 0xFF, 0xFF,
    0xFF, 0xFF, 0xFF, 0xFF, 0xFF, 0xFF, 0xE1, 0xFF, 0xFF, 0xFD, 0x75, 0xE6, 0xFF, 0xFF, 0xB9, 0xA3,
    0xEE, 0x7F, 0xFF, 0x7F, 0xF6, 0x7F, 0xFF, 0xFF, 0xFF, 0xFF, 0xFF, 0xFF, 0xFF, 0xFF, 0xFF, 0xEC,
    0xFF, 0xFF, 0xFB, 0x75, 0xE7, 0xFF, 0xFF, 0xD3, 0xAF, 0xF6, 0x7F, 0xFF, 0xFF, 0xF6, 0x7F, 0xFF,
    0xFF, 0xFF, 0xFF, 0xFF, 0xFF, 0xFF, 0xFF, 0xFF, 0xDC, 0x7F, 0xFF, 0xF3, 0x75, 0xE5, 0xFF, 0xFF,
    0xF3, 0x2F, 0xE7, 0x3F, 0xFF, 0xFF, 0xF6, 0x7F, 0xFF, 0xFF, 0xFF, 0xFF, 0xE0, 0x0F, 0xFF, 0xFF,
    0xFF, 0xB6, 0x7F, 0xFF, 0xF7, 0x75, 0xE3, 0xFF, 0xFF, 0xE3, 0x3F, 0xFF, 0x3F, 0xFB, 0xFF, 0xF6,
    0x7F, 0xFF, 0xFF, 0xFF, 0xE0, 0x0F, 0x8F, 0xFF, 0xFF, 0xFF, 0x63, 0x3F, 0xFF, 0xEF, 0x7D, 0xE7,
    0xFF, 0xFF, 0xF3, 0xA7, 0x83, 0x3F, 0xFB, 0xFF, 0xF6, 0x7F, 0xFF, 0xFF, 0xC0, 0x07, 0xFF, 0x4F,
    0xFF, 0xFF, 0xFE, 0xC5, 0x8F, 0xFF, 0xDF, 0x7D, 0xE7, 0xFF, 0xFF, 0xF3, 0x00, 0x03, 0x3F, 0xFF,
    0xFF, 0xF6, 0x7F, 0xFF, 0x80, 0x1F, 0xFF, 0xFE, 0xCF, 0xFF, 0xFF, 0xFC, 0x8C, 0xCF, 0xFF, 0xBF,
    0x7D, 0xE7, 0xFF, 0xFF, 0xF2, 0x00, 0x01, 0x3F, 0xE7, 0xFF, 0xF6, 0x7F, 0xC0, 0x3F, 0xFF, 0xFF,
    0x80, 0xCF, 0xFF, 0xFF, 0xFD, 0x9E, 0x67, 0xFF, 0x7F, 0x7D, 0xE7, 0xFF, 0xFF, 0xF2, 0x08, 0x41,
    0x3F, 0xDF, 0xFF, 0xF6, 0x00, 0x1F, 0xFF, 0xFE, 0x00, 0x00, 0xCF, 0xFF, 0xFF, 0xFB, 0x3F, 0x33,
    0xFE, 0xFF, 0x7D, 0xE7, 0xFF, 0xFF, 0xF2, 0x1D, 0x61, 0x3F, 0xBF, 0xFF, 0xF6, 0x3F, 0xFF, 0xFF,
    0x00, 0x07, 0xFE, 0xCF, 0xFF, 0xFF, 0xF6, 0x7F, 0x99, 0xFD, 0xFF, 0x7D, 0xE7, 0xFF, 0xFF, 0xF0,
    0x03, 0x00, 0x7F, 0x7F, 0xFF, 0xF5, 0xFF, 0xFE, 0x00, 0x07, 0xFF, 0xFE, 0xCF, 0xFF, 0xFF, 0xEC,
    0xFF, 0xCC, 0xFB, 0xFF, 0x7D, 0xE7, 0xFF, 0xFF, 0xF8, 0x83, 0x04, 0x7E, 0xFF, 0xFF, 0xF3, 0xF0,
    0x00, 0x0F, 0xFF, 0xFF, 0xFE, 0xCF, 0xFF, 0xFF, 0xC8, 0xFF, 0xE6, 0x77, 0xFF, 0x7D, 0xE7, 0xFF,
    0xFF, 0xF8, 0x83, 0x04, 0x7F, 0xFF, 0xFF, 0xF0, 0x00, 0x1F, 0xFF, 0xFF, 0xFF, 0xFE, 0xCF, 0xFF,
    0xFF, 0x91, 0xFF, 0xF3, 0x2F, 0xFF, 0x7D, 0xE7, 0xFF, 0xFF, 0xF8, 0xDF, 0xEC, 0x7F, 0xFF, 0xFF,
    0xF0, 0x1F, 0xFF, 0xFF, 0xFF, 0xFF, 0xFE, 0xCF, 0xFF, 0xE7, 0xB3, 0xFF, 0xFB, 0x9F, 0xFF, 0x7D,
    0xE7, 0xFF, 0xFF, 0xF8, 0xFF, 0xFC, 0x7F, 0xFF, 0xFF, 0xFF, 0xFF, 0xFF, 0xFF, 0xFF, 0xFF, 0xFE,
    0xCF, 0xFF, 0xC1, 0x23, 0xFF, 0xFB, 0x1F, 0xFF, 0x7D, 0xE7, 0xFF, 0xFF, 0xF8, 0xFF, 0xFC, 0xFF,
    0xFF, 0xFF, 0xFF, 0xFF, 0xFF, 0xFF, 0xFF, 0xFF, 0xFE, 0xCF, 0xFF, 0x8C, 0xB1, 0xFF, 0xF6, 0x3F,
    0xFF, 0x7D, 0xE7, 0xFF, 0xFF, 0xFC, 0x7F, 0xF8, 0xFF, 0xFF, 0xFF, 0xFF, 0xFF, 0xFF, 0xFF, 0xFF,
    0xFF, 0xFE, 0xCF, 0xFF, 0xB8, 0x59, 0xFF, 0xEC, 0x7F, 0xFF, 0x7D, 0xE7, 0xFF, 0xFF, 0xFE, 0x7C,
    0xF9, 0xFF, 0xFF, 0xFF, 0xFF, 0xFF, 0xFF, 0xFF, 0xFF, 0xFF, 0xFE, 0xCF, 0xFF, 0x73, 0x0C, 0xFF,
    0xCC, 0xFF, 0xFF, 0x7D, 0xE7, 0xFF, 0xFF, 0xFE, 0x7F, 0xF9, 0xFF, 0xFF, 0xFF, 0xFF, 0xFF, 0xFF,
    0xFF, 0xFF, 0xFF, 0xFE, 0xCF, 0xFF, 0x0D, 0xC6, 0x7F, 0x99, 0xFF, 0xFF, 0x7D, 0xE7, 0xFF, 0xFF,
    0xFE, 0x38, 0x71, 0xFF, 0xFF, 0xFF, 0xFF, 0xFF, 0xFF, 0xFF, 0xFF, 0xFF, 0xFE, 0xCF, 0xFF, 0x7F,
    0x63, 0x3F, 0x33, 0xFF, 0xFF, 0x7D, 0xE7, 0xFF, 0xFF, 0xFE, 0x3C, 0xF1, 0xFF, 0xFF, 0xFF, 0xFF,
    0xFF, 0xFF, 0xFF, 0xFF, 0xFF, 0xFE, 0xCF, 0xFF, 0x3B, 0xB1, 0x9E, 0x63, 0xFF, 0xFF, 0x7D, 0xE7,
    0xFF, 0xFF, 0xE0, 0x5F, 0xE0, 0x0F, 0xFF, 0xFF, 0xFF, 0xFF, 0xFF, 0xFF, 0xFF, 0xFF, 0xFE, 0xCF,
    0xFF, 0x64, 0xF0, 0xCE, 0xC7, 0xFF, 0xFF, 0x7D, 0xE7, 0xFF, 0xFF, 0xCC, 0x4F, 0xC8, 0x6F, 0xFF,
    0xFF, 0xFF, 0xFF, 0xFF, 0xFF, 0xFF, 0xFF, 0xFE, 0xCF, 0xFF, 0x60, 0x22, 0x65, 0x8F, 0xFF, 0xFF,
    0x7D, 0xE7, 0xFF, 0xFF, 0xD0, 0x43, 0x80, 0x37, 0xFF, 0xFF, 0xFF, 0xFF, 0xFF, 0xFF, 0xFF, 0xFF,
    0xFE, 0xCF, 0xFF, 0xC7, 0x07, 0x33, 0x1F, 0xFF, 0xFF, 0x7D, 0xE7, 0xFF, 0xFE, 0x18, 0x08, 0x00,
    0x30, 0xFF, 0xFF, 0xFF, 0xFF, 0xFF, 0xFF, 0xFF, 0xFF, 0xFE, 0xCF, 0xFF, 0x8F, 0x8F, 0xB6, 0x3F,
    0xFF, 0xFF, 0x7D, 0xE7, 0xFF, 0xE1, 0xB9, 0x05, 0x86, 0x7A, 0x1F, 0xFF, 0xFF, 0xFF, 0xFF, 0xFF,
    0xFF, 0xFF, 0xFE, 0xCF, 0xFF, 0x98, 0xFF, 0xCC, 0x7F, 0xFF, 0xFF, 0x7D, 0xE7, 0xFF, 0x93, 0x9D,
    0xE4, 0x99, 0xE6, 0x63, 0xFF, 0xFF, 0xFF, 0xFF, 0xFF, 0xFF, 0xFF, 0xFE, 0xCF, 0xFF, 0x18, 0x7F,
    0xEC, 0xF8, 0x1F, 0xFF, 0x7D, 0xE7, 0xFF, 0x3C, 0xCC, 0xE3, 0x93, 0xCC, 0xF9, 0xFF, 0xFF, 0xFF,
    0xFF, 0xFF, 0xFF, 0xFF, 0xFE, 0xCF, 0xFF, 0x30, 0x3F, 0xF1, 0xE3, 0xC7, 0xFF, 0x7D, 0xE7, 0xFF,
    0x3E, 0x66, 0x33, 0x0F, 0x99, 0xF1, 0xFF, 0xFF, 0xFF, 0xFF, 0xFF, 0xFF, 0xFF, 0xFE, 0xCC, 0x00,
    0x35, 0x1F, 0xF3, 0xCF, 0xF3, 0xFF, 0x7D, 0xE7, 0xFE, 0x0F, 0x30, 0x00, 0x7E, 0x33, 0xC0, 0xFF,
    0xFF, 0xFF, 0xFF, 0xFF, 0xFF, 0xFF, 0xFE, 0xC1, 0xFF, 0x73, 0x4F, 0xF7, 0x9F, 0xF8, 0xFF, 0x7D,
    0xE7, 0xFC, 0xE3, 0x80, 0x07, 0xF9, 0x4F, 0x9E, 0x7F, 0xFF, 0xFF, 0xFF, 0xFF, 0xFF, 0xFF, 0xFE,
    0xBF, 0xFF, 0x69, 0x8F, 0xEE, 0x7F, 0xFE, 0x7F, 0x7D, 0xE7, 0xF3, 0xF8, 0xE3, 0x3F, 0x87, 0x1E,
    0x7F, 0x9F, 0xFF, 0xFF, 0xFF, 0xFF, 0xFF, 0xFF, 0xFE, 0x7F, 0xE0, 0x63, 0xA7, 0xCC, 0xF7, 0xFF,
    0x3F, 0x7D, 0xE7, 0xE7, 0xFE, 0x22, 0x00, 0x7E, 0x7C, 0xFF, 0xCF, 0xFF, 0xFF, 0xFF, 0xFF, 0xFF,
    0xFF, 0xFE, 0x00, 0x00, 0x6B, 0xA7, 0x91, 0xEF, 0xFF, 0x9F, 0x7D, 0xE7, 0xCF, 0xFE, 0x00, 0x00,
    0x03, 0xF0, 0xFF, 0xE7, 0xFF, 0xFF, 0xFF, 0xFF, 0xFF, 0xFF, 0xFE, 0x03, 0xFF, 0x6B, 0xF7, 0xA7,
    0xAF, 0xFF, 0xDF, 0x7D, 0xE7, 0xC3, 0xFE, 0x02, 0x3F, 0x9F, 0xE0, 0xFF, 0x97, 0xFF, 0xFF, 0xFF,
    0xFF, 0xFF, 0xFF, 0xFF, 0xFF, 0xFF, 0x63, 0xD7, 0x6F, 0x87, 0xFF, 0xCF, 0x7D, 0xE7, 0xD5, 0xFE,
    0x18, 0x07, 0xFF, 0x90, 0xF3, 0x77, 0xFF, 0xFF, 0xFF, 0xF8, 0x03, 0xFF, 0xFF, 0xFF, 0xFF, 0x63,
    0xD6, 0xD7, 0x0F, 0xFF, 0xE7, 0x7D, 0xE7, 0xD6, 0x7E, 0x3C, 0xC0, 0x7C, 0x70, 0xFC, 0xF7, 0xFF,
    0xFF, 0xFF, 0xE2, 0x1C, 0xFF, 0xFF, 0xFF, 0xFF, 0x25, 0xD5, 0xD0, 0x0F, 0xFF, 0xF7, 0x7D, 0xE7,
    0xD7, 0x3E, 0x3E, 0xE6, 0x01, 0xF8, 0x7B, 0xF7, 0xFF, 0xFF, 0xFF, 0xCC, 0x07, 0x7F, 0xFF, 0xFF,
    0xFF, 0xB0, 0x13, 0xD7, 0xDF, 0xFC, 0x73, 0x7D, 0xE7, 0x9F, 0xC8, 0x3E, 0x76, 0xFF, 0xF8, 0x27,
    0xF7, 0xFF, 0xFF, 0xFF, 0x90, 0xF3, 0xBF, 0xFF, 0xFF, 0xFF, 0xB0, 0xC7, 0x8F, 0xDF, 0xC0, 0x1B,
    0x7D, 0xE7, 0x8E, 0xE0, 0x3F, 0x33, 0xFF, 0xF8, 0x0F, 0xE3, 0xFF, 0xFF, 0xFF, 0x7B, 0x79, 0xDF,
    0xFF, 0xFF, 0xFF, 0x12, 0xA6, 0x0F, 0x9E, 0x00, 0x01, 0x7D, 0xE7, 0x06, 0xE0, 0x3F, 0xB9, 0xFF,
    0xF8, 0x0E, 0x43, 0xFF, 0xFF, 0xFE, 0x60, 0x3D, 0x4F, 0xFF, 0xFF, 0xFF, 0xC8, 0x0E, 0x67, 0xB0,
    0xC3, 0x1C, 0x7D, 0xE7, 0x80, 0x00, 0x7F, 0xDC, 0x7F, 0xFC, 0x80, 0x03, 0xFF, 0xFF, 0xFE, 0xC0,
    0x1E, 0x8F, 0xFF, 0xFF, 0xFF, 0xE6, 0x1E, 0x67, 0x87, 0xC7, 0x1E, 0x7D, 0xE7, 0x9C, 0x02, 0x7F,
    0xC8, 0x3F, 0xFC, 0x80, 0x73, 0xFF, 0xFF, 0xFD, 0xDF, 0xDE, 0x4F, 0xFF, 0xFF, 0xFF, 0xE3, 0x1E,
    0xCF, 0x1F, 0xE0, 0x00, 0x7D, 0xE7, 0xB7, 0x80, 0x5F, 0xE1, 0x3F, 0xF4, 0x13, 0xFB, 0xFF, 0xFF,
    0xFD, 0x9F, 0xC6, 0x07, 0xFF, 0xFF, 0xFF, 0x30, 0xFE, 0x9F, 0x7E, 0x00, 0x7E, 0x0D, 0xE7, 0x37,
    0x50, 0xE7, 0xE3, 0x9F, 0xCC, 0x10, 0xF1, 0xFF, 0xFF, 0xFD, 0x1F, 0xE7, 0x43, 0xFF, 0xFF, 0xFF,
    0x0C, 0x1E, 0x3F, 0x60, 0xFF, 0xFF, 0xE0, 0xE7, 0x06, 0x10, 0xF9, 0xE3, 0x8F, 0x3E, 0x10, 0xC1,
    0xFF, 0xFF, 0xF9, 0x3F, 0xF3, 0x03, 0xFF, 0xFF, 0xFF, 0x07, 0x06, 0x7F, 0x0F, 0xFF, 0xFF, 0xFE,
    0x07, 0x80, 0x00, 0xFF, 0xF0, 0x0F, 0xFE, 0x08, 0x03, 0xFF, 0xFF, 0xF9, 0x0F, 0x03, 0x03, 0xFF,
    0xFF, 0xE0, 0xE1, 0x97, 0xFE, 0x7F, 0xFF, 0xC0, 0x00, 0x01, 0xBE, 0x31, 0xFF, 0xF8, 0x0F, 0xFF,
    0x38, 0xF9, 0xFF, 0xFF, 0xF9, 0x3F, 0xF3, 0x23, 0xFF, 0xFF, 0x00, 0xF0, 0xF3, 0xF8, 0xFF, 0xF8,
    0x00, 0x00, 0x00, 0x7E, 0x19, 0xFF, 0xFC, 0x37, 0xFF, 0x20, 0xFD, 0xFF, 0xFF, 0xF9, 0x07, 0x83,
    0x83, 0xFF, 0xFC, 0x67, 0xFC, 0x71, 0xE7, 0xFF, 0x81, 0x00, 0x00, 0x02, 0x3C, 0x41, 0x8F, 0xFE,
    0x73, 0xE3, 0x08, 0x70, 0xFF, 0xFF, 0xF9, 0x07, 0x03, 0x83, 0xFF, 0xF9, 0xE7, 0xFE, 0x52, 0x0F,
    0xFC, 0x05, 0x01, 0x00, 0x00, 0x04, 0x70, 0x0F, 0xFE, 0x39, 0xE1, 0x3C, 0x00, 0xFF, 0xFF, 0xF9,
    0x07, 0xC1, 0x03, 0xFF, 0xF3, 0x67, 0x7E, 0x04, 0x7F, 0x80, 0x01, 0x01, 0x80, 0x00, 0x00, 0x18,
    0xCF, 0xFE, 0x9C, 0xE6, 0x00, 0x01, 0xFF, 0xFF, 0xF9, 0x07, 0xC9, 0x03, 0xFF, 0xEB, 0x67, 0xBC,
    0x21, 0xF8, 0x00, 0x00, 0x31, 0x00, 0x04, 0x9D, 0xE1, 0x9F, 0xFE, 0xCE, 0x73, 0x1F, 0x77, 0xFF,
    0xFF, 0xFD, 0x3F, 0xF9, 0x03, 0xFF, 0xDB, 0x67, 0xCD, 0x20, 0x00, 0x04, 0x00, 0x79, 0x00, 0x01,
    0xDF, 0xF8, 0x27, 0xFE, 0xEF, 0x1C, 0x3F, 0xF3, 0xFF, 0xFF, 0xFD, 0x3B, 0xF9, 0x03, 0xFF, 0x9A,
    0x6F, 0xEC, 0x20, 0x00, 0x0C, 0x01, 0x05, 0x00, 0x07, 0xDF, 0xF8, 0x83, 0xFE, 0xF7, 0x8E, 0x3F,
    0x71, 0xFF, 0xFF, 0xFC, 0x3B, 0xF1, 0x03, 0xFF, 0xBA, 0x6F, 0x74, 0x77, 0x00, 0x14, 0x0F, 0x81,
    0x00, 0x07, 0xDD, 0xF0, 0x33, 0xFE, 0xF3, 0x02, 0x1F, 0x71, 0xFF, 0xFF, 0xFC, 0x3F, 0xF3, 0x03,
    0xFF, 0x3A, 0x6F, 0x98, 0x57, 0x51, 0x94, 0x0F, 0x80, 0x01, 0xE7, 0x9D, 0xF0, 0xE7, 0xFE, 0xFC,
    0x60, 0x4F, 0x60, 0xFF, 0xFF, 0xFC, 0x1C, 0x7A, 0x07, 0xFF, 0x3A, 0x6F, 0xCC, 0x41, 0xF9, 0x98,
    0x8F, 0xC0, 0x9D, 0xE7, 0xBD, 0xE0, 0x0B, 0xFE, 0xFC, 0x48, 0x4E, 0xC6, 0xFF, 0xFF, 0xFC, 0x0F,
    0xF2, 0x1F, 0xFE, 0x3A, 0x6D, 0xE0, 0x20, 0x01, 0x88, 0xDF, 0xC9, 0x8D, 0xE7, 0xBE, 0xC0, 0x39,
    0xFE, 0xFE, 0x1C, 0x60, 0x06, 0x7F, 0xFF, 0xFC, 0x07, 0xE0, 0x0F, 0xFE, 0x3A, 0x6D, 0x74, 0x00,
    0x00, 0xCC, 0x7F, 0xF9, 0x8D, 0xEF, 0x3D, 0x98, 0x79, 0xFE, 0xFF, 0x9C, 0x01, 0xE7, 0x7F, 0xFF,
    0xFE, 0x13, 0x88, 0x87, 0xFE, 0xA6, 0x6D, 0x38, 0x00, 0x18, 0x8C, 0xFF, 0xF9, 0x8D, 0xEC, 0x3E,
    0x99, 0x47, 0xFE, 0xFF, 0xC4, 0x06, 0x07, 0x7F, 0xFF, 0xFE, 0x18, 0x30, 0x27, 0xFC, 0xA0, 0xED,
    0x1A, 0x82, 0xB8, 0xA4, 0xFF, 0xF1, 0x0D, 0xED, 0x3E, 0xDB, 0x11, 0xFE, 0xFF, 0xF0, 0x20, 0x62,
    0x7F, 0xFF, 0xFF, 0x9D, 0xF0, 0x17, 0xFC, 0x80, 0x4F, 0xCA, 0x83, 0xB8, 0x04, 0x7F, 0xF1, 0x0D,
    0xEC, 0x0F, 0xDB, 0x30, 0xFF, 0xFF, 0xF0, 0x27, 0xF0, 0xFF, 0xFF, 0xFF, 0xDC, 0xF4, 0x07, 0xFC,
    0x12, 0x0F, 0xE2, 0x83, 0xBC, 0x02, 0x1F, 0xC0, 0x0D, 0xE5, 0x03, 0xCB, 0x30, 0x3F, 0xFF, 0xF8,
    0x24, 0x00, 0xFF, 0xFF, 0xFF, 0xF9, 0xFE, 0x07, 0xF8, 0xCC, 0x8F, 0xF2, 0xC1, 0xBC, 0x02, 0x07,
    0x00, 0x1D, 0xE5, 0xC9, 0xC8, 0x00, 0xBF, 0xFF, 0xE0, 0x23, 0x00, 0x7F, 0xFF, 0xFF, 0xC1, 0xFF,
    0x87, 0xC3, 0xBF, 0xE3, 0xFB, 0xC1, 0xBE, 0x80, 0x10, 0x00, 0x1D, 0xE5, 0xF0, 0x08, 0x00, 0x20,
    0x00, 0x01, 0x26, 0x18, 0x7F, 0xFF, 0xF8, 0x0F, 0xFF, 0x01, 0xE7, 0x3F, 0xFA, 0xFB, 0xC1, 0xBF,
    0x98, 0x02, 0x20, 0x7D, 0xE5, 0xF9, 0x82, 0x00, 0x00, 0x00, 0x3D, 0x20, 0x3E, 0x7F, 0xFF, 0xF0,
    0x9F, 0xFE, 0x38, 0x2E, 0x3F, 0xEC, 0xFB, 0xC5, 0xBF, 0x3C, 0x38, 0x90, 0x7D, 0xE5, 0xF8, 0x04,
    0x01, 0x87, 0x8B, 0x7C, 0x20, 0x7E, 0xFF, 0xFF, 0xED, 0x03, 0x80, 0x73, 0x9E, 0x3B, 0xEC, 0xFB,
    0xCD, 0xBE, 0x7E, 0x1C, 0x92, 0x7D, 0xE5, 0xF9, 0x84, 0x89, 0x83, 0x88, 0x7C, 0x26, 0x7E, 0xFF,
    0xFF, 0xE9, 0x3F, 0xFC, 0x77, 0x96, 0xF1, 0xC6, 0xFB, 0xC1, 0xBE, 0x07, 0xC4, 0x0F, 0x3D, 0xE5,
    0xF8, 0xC0, 0x81, 0xA7, 0x8F, 0xE0, 0x08, 0x3E, 0xFF, 0xFF, 0xDB, 0x3F, 0xFC, 0xEF, 0xB4, 0xE1,
    0x66, 0xFB, 0xC4, 0xBE, 0x70, 0xE0, 0x18, 0x3D, 0xE5, 0xF0, 0x08, 0x80, 0x00, 0x00, 0x00, 0x02,
    0x3E, 0xFF, 0xFF, 0xDB, 0x7F, 0xF8, 0xEF, 0xB0, 0x64, 0x72, 0xFB, 0xC0, 0xBE, 0xFF, 0x00, 0x03,
    0xBD, 0xE4, 0xF1, 0x81, 0x80, 0x00, 0x00, 0x07, 0x07, 0x3E, 0xFF, 0xFF, 0x92, 0x01, 0xA1, 0xDF,
    0x10, 0x40, 0x3F, 0xFB, 0xD0, 0xBC, 0xFF, 0xE0, 0x1F, 0x9D, 0xE4, 0xF3, 0x81, 0x18, 0xC0, 0x18,
    0x3F, 0x33, 0x3E, 0xFF, 0xFF, 0xB3, 0x00, 0x01, 0xDE, 0x00, 0x10, 0x1B, 0xFB, 0xD2, 0xBD, 0xFF,
    0xC2, 0x1F, 0xDD, 0xE6, 0xF3, 0x81, 0x38, 0xC0, 0x38, 0x3F, 0x33, 0x3C, 0xFF, 0xFF, 0xB3, 0xC0,
    0x03, 0x9F, 0x87, 0x9B, 0x9B, 0xFB, 0xD0, 0x3D, 0xFF, 0xE0, 0x1F, 0xDD, 0xE6, 0xF3, 0x0B, 0x38,
    0xE0, 0x18, 0x3F, 0x9B, 0x3C, 0xFF, 0xFF, 0x33, 0xE1, 0x7F, 0x9F, 0x80, 0xD0, 0x9A, 0xFB, 0xC6,
    0x39, 0xFF, 0xC0, 0x0F, 0xDD, 0xE6, 0xF1, 0x43, 0x30, 0x60, 0x39, 0x3F, 0x13, 0x3D, 0xFF, 0xFF,
    0x77, 0xED, 0xFF, 0x9F, 0x80, 0x70, 0x12, 0x7B, 0xC0, 0x3B, 0xFF, 0x2B, 0x17, 0xCD, 0xE6, 0x70,
    0x52, 0x30, 0x60, 0x19, 0x0E, 0x00, 0x3D, 0xFF, 0xFE, 0x67, 0xFD, 0xFF, 0xBF, 0x00, 0xF8, 0x10,
    0x7B, 0xDF, 0x13, 0xBC, 0xD3, 0xAF, 0xED, 0xE6, 0x70, 0x06, 0x02, 0x70, 0x19, 0x01, 0xDB, 0x3D,
    0xFF, 0xFE, 0xEF, 0xFF, 0xFF, 0x3F, 0xC0, 0xF8, 0xC0, 0xFB, 0xD8, 0x04, 0x7B, 0xA7, 0x97, 0xED,
    0xE7, 0x70, 0x06, 0x62, 0x70, 0x71, 0x8F, 0xC8, 0x3D, 0xFF, 0xFD, 0xEF, 0xFF, 0xFF, 0x7F, 0xE5,
    0x7D, 0x80, 0xFB, 0xCE, 0x21, 0xFF, 0x6F, 0xD7, 0xE5, 0xE7, 0x73, 0x06, 0x72, 0x30, 0x33, 0xAF,
    0xC9, 0x39, 0xFF, 0xFD, 0xCF, 0xFF, 0xFE, 0x7F, 0xE7, 0x7F, 0xE0, 0xFB, 0xC8, 0x07, 0xFF, 0xDF,
    0xCB, 0x75, 0xE7, 0x40, 0x00, 0xE1, 0x33, 0x33, 0x8F, 0xE8, 0x09, 0xFF, 0xFC, 0x4F, 0xFF, 0xFE,
    0xFF, 0xF7, 0xFF, 0xF0, 0xFB, 0xCC, 0x00, 0x07, 0x1F, 0xE7, 0xB5, 0xE0, 0x00, 0x40, 0xE2, 0x38,
    0x73, 0x0F, 0x80, 0x00, 0x00, 0x00, 0x0F, 0xFF, 0xFE, 0x7D, 0xF7, 0x1F, 0xC2, 0xFB, 0xD5, 0x0F,
    0xFE, 0x1F, 0xF7, 0xD5, 0xE6, 0x13, 0x08, 0x81, 0x18, 0x26, 0xC3, 0x01, 0x21, 0xFF, 0xFE, 0x0F,
    0xFF, 0xFF, 0x4A, 0x63, 0xFF, 0x8F, 0xFB, 0xD1, 0x80, 0xF8, 0x1F, 0xF3, 0xE9, 0xE7, 0x73, 0x8F,
    0x04, 0x93, 0x25, 0xC0, 0xE4, 0x39, 0xFF, 0xFF, 0x07, 0xFF, 0xFE, 0x00, 0xC9, 0xFE, 0x0F, 0xFB,
    0xD1, 0x80, 0x00, 0xDF, 0xF1, 0xF1, 0xE7, 0x73, 0x8F, 0xC6, 0x1D, 0xE3, 0x47, 0xEE, 0x3B, 0xFF,
    0xFF, 0x73, 0xFF, 0xFE, 0x1C, 0x1C, 0xFC, 0x1F, 0x3B, 0xD0, 0x94, 0xE1, 0xDF, 0xF4, 0xF9, 0xE0,
    0x73, 0x5F, 0x89, 0x0D, 0xC6, 0xE7, 0xEE, 0x38, 0x00, 0x00, 0x71, 0xE1, 0xFC, 0x3F, 0x3C, 0x00,
    0x1F, 0x7B, 0xD0, 0x94, 0x63, 0xDF, 0xF4, 0x39, 0xE7, 0x72, 0xDF, 0x8E, 0x45, 0x89, 0xEB, 0xE2,
    0x39, 0xFD, 0xF7, 0x78, 0x80, 0x01, 0x7F, 0x7C, 0x18, 0xCF, 0x7B, 0xD4, 0x96, 0x4B, 0xDF, 0xF4,
    0x1C, 0xE7, 0x60, 0x0F, 0x9F, 0x81, 0x87, 0xE3, 0xC9, 0x1B, 0xFD, 0xFF, 0x7D, 0xFF, 0xCF, 0x7F,
    0x78, 0x03, 0x83, 0x7B, 0xD6, 0x96, 0x4B, 0xDF, 0xF4, 0x0E, 0xE7, 0x42, 0x6F, 0x5F, 0xC0, 0x0F,
    0xF1, 0xC8, 0x09, 0xFF, 0xF0, 0x7C, 0xFF, 0xFF, 0x6E, 0x73, 0x0E, 0x78, 0x7B, 0xD6, 0xCE, 0x13,
    0xDF, 0xF4, 0xA6, 0x64, 0x00, 0x4F, 0x1F, 0xF0, 0x30, 0xF0, 0xD0, 0x00, 0x0C, 0x00, 0x4C, 0xFF,
    0xFE, 0x5E, 0x67, 0x08, 0xFE, 0x7B, 0xD6, 0xCF, 0x91, 0xDF, 0xF4, 0xB3, 0x64, 0x04, 0x0E, 0x3E,
    0x00, 0x03, 0xF1, 0xC0, 0x80, 0x08, 0x00, 0x04, 0xFF, 0xFE, 0x3E, 0x6F, 0x03, 0xFC, 0x7B, 0xD6,
    0x4F, 0xB4, 0x18, 0x74, 0x7D, 0x25, 0x06, 0x08, 0x3F, 0xFC, 0x7F, 0xF8, 0x61, 0x03, 0xC1, 0xC6,
    0xF0, 0xFF, 0xFC, 0x0E, 0x4F, 0x07, 0xF8, 0x7B, 0xD2, 0x4F, 0x27, 0xC0, 0x00, 0x7C, 0xA5, 0x43,
    0x92, 0x7F, 0xF8, 0x3F, 0xFC, 0x07, 0x43, 0xC1, 0xCC, 0xF8, 0x7F, 0xFC, 0x7E, 0x5E, 0x07, 0x00,
    0x7B, 0xD0, 0x6F, 0x63, 0xF1, 0x00, 0x7E, 0x25, 0x40, 0x00, 0xFF, 0xF0, 0x3F, 0xFF, 0x00, 0x0B,
    0xC3, 0xCC, 0xF8, 0x7F, 0xF9, 0xFC, 0x1F, 0x00, 0x3F, 0x3B, 0x50, 0x6C, 0x00, 0xF1, 0x8F, 0x7E,
    0x25, 0x50, 0x83, 0xFF, 0xF4, 0x5F, 0xFF, 0x80, 0x0B, 0xC9, 0xC0, 0xFC, 0x7F, 0xF3, 0xFC, 0x3F,
    0x10, 0x08, 0x9B, 0x50, 0x60, 0x0E, 0x01, 0x9F, 0x7E, 0x04, 0x5F, 0x87, 0xFF, 0xE4, 0x4F, 0xFF,
    0xC6, 0xC9, 0xC8, 0x00, 0xFC, 0x7F, 0xE7, 0xFC, 0x7E, 0x17, 0xB3, 0xEB, 0x54, 0x2C, 0x0F, 0xA0,
    0x00, 0x7F, 0x04, 0x99, 0x0F, 0xFF, 0xDC, 0x6F, 0xFF, 0xCA, 0xED, 0xCD, 0x81, 0xFC, 0x3F, 0xCF,
    0xF8, 0x3E, 0x07, 0xB7, 0x73, 0x55, 0x26, 0x1F, 0xB8, 0x18, 0x3F, 0x0C, 0x98, 0x6F, 0xFF, 0xD8,
    0x37, 0xFF, 0xCA, 0xED, 0xCD, 0x81, 0xF8, 0x1F, 0x1F, 0xFA, 0x1E, 0x02, 0xA7, 0x33, 0x51, 0x27,
    0x1F, 0x7F, 0xFB, 0xBF, 0x8C, 0x9E, 0x4F, 0xFF, 0xB8, 0x37, 0xFF, 0xCE, 0xE5, 0xCD, 0x81, 0xF8,
    0x80, 0x3F, 0xE2, 0x0E, 0x06, 0xA7, 0x9B, 0x40, 0xB2, 0xBF, 0x7F, 0xFD, 0xBF, 0x8C, 0xBF, 0x8F,
    0xFF, 0x79, 0x3B, 0xFF, 0xCE, 0xE5, 0xCD, 0xC0, 0xF9, 0xB2, 0xFF, 0xC2, 0x00, 0xA0, 0xE7, 0xCB,
    0xCA, 0xB0, 0x3F, 0x7F, 0xFD, 0x9F, 0x8C, 0xBF, 0x8F, 0xFF, 0xFB, 0xBF, 0xFF, 0xCE, 0xE4, 0xCD,
    0xC1, 0x01, 0x71, 0xFF, 0x92, 0x60, 0xA0, 0x00, 0xE3, 0xC8, 0x30, 0x7F, 0x7F, 0xED, 0xDF, 0x85,
    0xB4, 0xEF, 0xFF, 0xF3, 0xBF, 0xFF, 0xCE, 0xE6, 0xCD, 0xC8, 0x53, 0xF3, 0xFF, 0x1A, 0x70, 0xA0,
    0x40, 0xF3, 0xC0, 0x14, 0x7F, 0x7F, 0xCD, 0xDF, 0x65, 0xB4, 0xE7, 0xFF, 0xF3, 0x9F, 0xFF, 0xCC,
    0xF6, 0xCD, 0xD8, 0x79, 0xC0, 0xFE, 0x48, 0x77, 0xBF, 0xC4, 0xF9, 0xD0, 0x12, 0x7E, 0x77, 0xDC,
    0xCC, 0xE5, 0xBC, 0xA7, 0xFF, 0xF3, 0x9F, 0xFF, 0xCC, 0xF6, 0xCD, 0xD9, 0x80, 0x1E, 0x78, 0xE8,
    0xD7, 0xBF, 0xC4, 0xF9, 0xD6, 0x12, 0xFE, 0x7B, 0xBE, 0xE1, 0xE5, 0xB0, 0xA7, 0xFF, 0xF7, 0x9F,
    0xFF, 0xCC, 0xF6, 0xCD, 0xD8, 0x30, 0x3E, 0x73, 0xEC, 0x87, 0xBF, 0xC2, 0x03, 0xD2, 0x50, 0xFE,
    0x7D, 0x3E, 0xE7, 0xC9, 0xBC, 0xE7, 0xFF, 0xE7, 0xDF, 0xFF, 0xCC, 0xF6, 0x4D, 0xC0, 0xE0, 0x1C,
    0x00, 0xFC, 0x47, 0xBF, 0xC2, 0x03, 0x90, 0xD9, 0xFC, 0x7F, 0xFE, 0x67, 0x23, 0x34, 0xE7, 0xFF,
    0xE3, 0xCF, 0xFF, 0xCC, 0xF6, 0x4D, 0x88, 0x8F, 0xDF, 0x03, 0xFD, 0xEF, 0x07, 0xC8, 0xF9, 0xB0,
    0x09, 0xFC, 0xFF, 0xFE, 0x70, 0x73, 0x34, 0xCF, 0xFF, 0xF3, 0xCF, 0xFF, 0xED, 0xF7, 0x4D, 0x38,
    0x0F, 0xEF, 0x3F, 0xFD, 0xEE, 0x3F, 0x8A, 0x01, 0xA0, 0x09, 0xFC, 0xFF, 0xFE, 0x70, 0xF9, 0x0D,
    0xCF, 0xFF, 0xF7, 0xCF, 0xFD, 0xE5, 0xF7, 0x4C, 0x7C, 0x07, 0xE7, 0x7F, 0xF9, 0xEF, 0x7F, 0x0A,
    0x01, 0xA0, 0x09, 0xFC, 0xFF, 0xFE, 0x72, 0x59, 0x1C, 0xEE, 0x1F, 0xF7, 0xCF, 0xF0, 0x6D, 0xF3,
    0x09, 0xFE, 0x0B, 0xC2, 0x7F, 0xFB, 0xE0, 0x1E, 0x4A, 0xFB, 0x20, 0x09, 0xF8, 0xFF, 0xFE, 0x3B,
    0x01, 0x0C, 0xE0, 0x0F, 0xF7, 0xDF, 0xE4, 0x0D, 0xF3, 0x03, 0xFE, 0x14, 0x00, 0xFF, 0xF3, 0xE0,
    0x00, 0xC8, 0xFB, 0x65, 0x8D, 0xF8, 0xFF, 0xFE, 0x39, 0x85, 0x1C, 0xE0, 0x42, 0x67, 0xCE, 0x81,
    0x09, 0xF3, 0x8F, 0xFE, 0x00, 0xF9, 0xFF, 0xF0, 0x20, 0x43, 0xCC, 0xFA, 0x60, 0x85, 0xF8, 0xFF,
    0xFE, 0x39, 0x81, 0x5C, 0xE3, 0x60, 0xCF, 0xEE, 0x0D, 0xC8, 0x73, 0x9F, 0xFE, 0x03, 0xFF, 0xFF,
    0xE1, 0x08, 0x03, 0xCC, 0xFA, 0xC2, 0x85, 0xF8, 0xFF, 0xFF, 0x39, 0x83, 0x3C, 0xEF, 0xF8, 0x1F,
    0xE4, 0x1E, 0xE9, 0x73, 0x3F, 0xE0, 0x0F, 0xFF, 0xFF, 0xE5, 0x8E, 0x00, 0xDE, 0xFA, 0xC0, 0xA5,
    0xF8, 0xFF, 0xFF, 0x32, 0x67, 0x3C, 0xCE, 0xFC, 0x8E, 0x50, 0x7E, 0xE1, 0x3A, 0x7F, 0xFE, 0x7F,
    0xFF, 0xFF, 0xC9, 0x06, 0x7E, 0xDE, 0xF8, 0xC2, 0xB4, 0x30, 0xFF, 0xFF, 0x00, 0x27, 0x7C, 0xDE,
    0xFE, 0x1F, 0x70, 0xFE, 0xE1, 0xBA, 0xFF, 0xF1, 0xFF, 0xFF, 0xFF, 0xC1, 0x11, 0x5F, 0x5E, 0xF8,
    0xC3, 0x36, 0x00, 0xFF, 0xFE, 0x00, 0x23, 0x7C, 0xCE, 0xFE, 0x1F, 0xF0, 0xFF, 0xE0, 0x39, 0xFF,
    0xFF, 0xFF, 0xFF, 0xFF, 0x80, 0x1C, 0x2E, 0x00, 0x01, 0xC2, 0x06, 0x30, 0x3F, 0xE0, 0x00, 0x0B,
    0x7E, 0xD3, 0xFE, 0x03, 0xF0, 0x7F, 0xF0, 0x39, 0xFF, 0xFF, 0xFF, 0xFF, 0xFE, 0x7C, 0x24, 0x10,
    0x0C, 0xF9, 0xC0, 0x22, 0x3F, 0x00, 0x07, 0x00, 0x0A, 0x7E, 0xCF, 0x86, 0x07, 0xF0, 0xFF, 0xE0,
    0x7B, 0xFF, 0xFF, 0xFF, 0xFF, 0xFC, 0x3F, 0xF0, 0x87, 0x0E, 0xFB, 0xC0, 0x02, 0x0F, 0xC0, 0xFE,
    0x60, 0x0A, 0x7E, 0x8E, 0xFE, 0x03, 0xC0, 0x7F, 0x60, 0xBB, 0xFF, 0xFF, 0xFF, 0xFF, 0xF8, 0x9F,
    0xF3, 0xFF, 0xEC, 0xFB, 0xC0, 0x02, 0x20, 0x00, 0x00, 0x64, 0x08, 0x7E, 0xCE, 0xFE, 0x03, 0xF0,
    0x7F, 0x6C, 0x0B, 0xFF, 0xFF, 0xFF, 0xFF, 0xF1, 0xCF, 0xC0, 0x7F, 0xEC, 0x03, 0x80, 0x0B, 0x3F,
    0xC0, 0xFE, 0x61, 0x0C, 0x7E, 0xC6, 0xFC, 0x23, 0xC8, 0x7F, 0xCE, 0x3B, 0xFF, 0xFF, 0xFF, 0xFF,
    0x67, 0xF7, 0xC7, 0x3F, 0xEC, 0xF3, 0x80, 0x09, 0x3F, 0xC0, 0xFE, 0x00, 0x0C, 0x7E, 0xC2, 0xF8,
    0xA3, 0xCA, 0x3E, 0x87, 0xB3, 0xFF, 0xFF, 0xFF, 0xEA, 0x6F, 0xF3, 0xDF, 0x9F, 0xEC, 0xC7, 0x80,
    0x09, 0x3F, 0x80, 0xFE, 0x00, 0x04, 0x7F, 0xD1, 0xC0, 0x9B, 0xE2, 0x06, 0x17, 0xE3, 0xFF, 0xFF,
    0xFF, 0xF2, 0xCF, 0xFB, 0x9F, 0xCF, 0xED, 0x07, 0x80, 0x19, 0x3F, 0x80, 0xFE, 0x04, 0x04, 0x7F,
    0x98, 0x23, 0x9F, 0xF3, 0x88, 0x37, 0xF3, 0xFB, 0xFF, 0xFF, 0xF2, 0x8F, 0xFD, 0xBF, 0xE7, 0xED,
    0xE7, 0xA3, 0x9D, 0x1F, 0x80, 0x7E, 0x42, 0x04, 0x7F, 0x1C, 0x0F, 0x83, 0xE3, 0xE0, 0x73, 0xF3,
    0xFB, 0xFF, 0xFF, 0xF8, 0x0F, 0xF1, 0xBF, 0xE7, 0xCD, 0xEF, 0x80, 0x9D, 0x1F, 0x80, 0x7E, 0x03,
    0x04, 0x7F, 0x8E, 0x7D, 0x83, 0xC1, 0x7C, 0xE0, 0xF3, 0xFB, 0xFF, 0xFF, 0xF8, 0x0F, 0xC0, 0x3F,
    0xE3, 0x0D, 0xEF, 0x80, 0x1D, 0x9F, 0x80, 0x7E, 0x07, 0x06, 0x7F, 0xA3, 0xFA, 0x00, 0xD0, 0x1F,
    0xC9, 0xF3, 0xFB, 0xFB, 0xFF, 0xF8, 0x8F, 0xC0, 0x3F, 0x80, 0x20, 0xCF, 0x80, 0x1D, 0xBF, 0x00,
    0x7E, 0x0F, 0x06, 0x47, 0xB8, 0x00, 0x84, 0x72, 0x00, 0x1B, 0xF3, 0xF9, 0xFB, 0xFF, 0xFC, 0x2F,
    0xC1, 0x9F, 0x80, 0x00, 0xDF, 0x80, 0x1C, 0xBF, 0x00, 0x7C, 0x0E, 0x06, 0x4F, 0x3C, 0x1F, 0x9C,
    0x73, 0xF8, 0x7B, 0xF7, 0xFD, 0xFB, 0xFF, 0xFC, 0xAF, 0xC8, 0x1F, 0xB8, 0xFD, 0xDF, 0x80, 0x0C,
    0xBF, 0x00, 0x7C, 0x02, 0x06, 0x0E, 0x3C, 0x7F, 0x9C, 0x63, 0xFE, 0x39, 0xF7, 0xFD, 0xFB, 0xFF,
    0xFC, 0xE7, 0xEF, 0x9F, 0x9E, 0xFD, 0xDF, 0x00, 0x06, 0xBE, 0x00, 0x78, 0x90, 0x06, 0x3F, 0x78,
    0x7F, 0x9F, 0x43, 0xFC, 0x39, 0xE7, 0xFD, 0xFB, 0xFF, 0xFE, 0x07, 0xEF, 0xDF, 0xC0, 0x3C, 0x1F,
    0x00, 0x02, 0x9E, 0x00, 0x7A, 0x80, 0x07, 0x7F, 0x78, 0x7F, 0xD8, 0xF7, 0xFC, 0x3D, 0xE7, 0xFD,
    0xF3, 0xFF, 0xFE, 0x07, 0x8F, 0xDF, 0xC0, 0x00, 0x1F, 0x00, 0x02, 0x5C, 0x00, 0x7E, 0x80, 0x07,
    0x6F, 0x78, 0x7F, 0xD9, 0xF7, 0xFD, 0x1C, 0xE6, 0xFC, 0xF7, 0xFF, 0xFE, 0xE0, 0x23, 0xDF, 0x8F,
    0xFC, 0xBF, 0x00, 0x00, 0x5E, 0x00, 0x7E, 0x80, 0x07, 0x4F, 0x31, 0x7F, 0xD8, 0xF7, 0xFD, 0x5D,
    0xC6, 0xFE, 0xF7, 0xFF, 0xFE, 0x37, 0xE0, 0x0F, 0x0F, 0xFD, 0xBF, 0x00, 0x00, 0x5E, 0x00, 0x7E,
    0x80, 0x07, 0x07, 0x95, 0x3F, 0x0D, 0xF1, 0xFD, 0x59, 0x86, 0xFE, 0xF7, 0xFF, 0xFE, 0x07, 0xEC,
    0x00, 0xCF, 0xFD, 0xBF, 0x00, 0x00, 0x4C, 0x00, 0x7E, 0x82, 0x07, 0x03, 0xC5, 0xB8, 0x0F, 0xFC,
    0x39, 0x43, 0x0E, 0xFE, 0xF7, 0xFF, 0xFF, 0x77, 0xE7, 0xCF, 0xC0, 0x7D, 0x3F, 0x00, 0x00, 0x4C,
    0x00, 0x7E, 0xDB, 0x07, 0x78, 0x45, 0x80, 0x0F, 0xF8, 0x03, 0x66, 0x4C, 0xFE, 0xF7, 0xFF, 0xFF,
    0x77, 0xC0, 0x0F, 0xC0, 0x00, 0x3F, 0x20, 0x00, 0x6C, 0x00, 0x7E, 0xBF, 0x07, 0x76, 0x0D, 0x8C,
    0xFF, 0xFE, 0x63, 0x60, 0x0D, 0xFF, 0x77, 0xFF, 0xFF, 0x73, 0xC5, 0x0F, 0xDF, 0xC1, 0x7F, 0x38,
    0x00, 0x2C, 0x00, 0x7E, 0xFE, 0x07, 0x3F, 0xED, 0xFC, 0x3F, 0xDE, 0x7F, 0x67, 0xDD, 0xFF, 0x77,
    0xFD, 0xFF, 0x33, 0xDD, 0xAF, 0xC0, 0x0E, 0x7F, 0x03, 0x00, 0x2C, 0x80, 0x7E, 0xE0, 0x07, 0x3F,
    0xED, 0xFC, 0x00, 0x40, 0x7F, 0x68, 0x1D, 0xFF, 0x6F, 0xFD, 0xFF, 0x3B, 0xD8, 0x07, 0xD0, 0x00,
    0x7F, 0x70, 0x80, 0xAD, 0xF0, 0x7E, 0x03, 0xC7, 0x3F, 0xED, 0xF9, 0xF8, 0x0F, 0x3F, 0x6F, 0xDD,
    0xFF, 0xAF, 0xFE, 0xFF, 0x83, 0xDB, 0x07, 0xDF, 0xA0, 0x7F, 0x3E, 0x00, 0xA0, 0xE0, 0x7E, 0x0F,
    0xF7, 0xBF, 0xED, 0xFB, 0xFF, 0xFF, 0xBF, 0x6F, 0xDD, 0xFF, 0xAF, 0xFE, 0xFF, 0xBB, 0xC0, 0x87,
    0x9F, 0xB8, 0x3F, 0x7F, 0x00, 0xB0, 0x60, 0x3E, 0x3F, 0xF7, 0xBF, 0xED, 0xFB, 0xFF, 0xFF, 0xBF,
    0x6F, 0xDD, 0xFF, 0xAF, 0xFE, 0xFF, 0x9B, 0xC0, 0x07, 0x83, 0xB8, 0x3F, 0x3F, 0xF8, 0x30, 0x40,
    0x84, 0xBF, 0xF7, 0x3F, 0xED, 0xFB, 0xFF, 0xFF, 0xBF, 0x6F, 0x9D, 0xFF, 0xEF, 0xFE, 0xFF, 0x81,
    0xC0, 0x07, 0x80, 0x38, 0x9F, 0x3F, 0xF3, 0x10, 0x00, 0xF1, 0xBF, 0xF7, 0x7F, 0xED, 0xFB, 0xFF,
    0xFF, 0xBF, 0xAF, 0xB9, 0xFF, 0xEF, 0xFE, 0xFF, 0xD6, 0x86, 0x17, 0x90, 0x38, 0xCF, 0x30, 0x03,
    0xD6, 0x80, 0xF9, 0xBF, 0xE7, 0x7F, 0xCB, 0xFB, 0xFF, 0xFF, 0x9F, 0xA7, 0xB9, 0xFF, 0xEF, 0xFE,
    0xFF, 0xC2, 0x20, 0x00, 0x8F, 0x38, 0xE7, 0x20, 0xF3, 0xD2, 0xFE, 0xF8, 0xBF, 0xEE, 0x7F, 0xDB,
    0xFB, 0xFF, 0xFF, 0xBF, 0xF7, 0xB9, 0xFF, 0xFF, 0xFE, 0xFF, 0xC0, 0xE1, 0x86, 0x01, 0x7E, 0xF3,
    0x9F, 0xF3, 0xD2, 0xFE, 0x78, 0x3F, 0xEC, 0xFF, 0x81, 0xFB, 0xFF, 0xFF, 0xBF, 0x03, 0xBB, 0xFF,
    0xFF, 0xFE, 0x7F, 0xCD, 0xE0, 0x87, 0x20, 0x7F, 0x81, 0xBF, 0x1C, 0x88, 0xFF, 0x02, 0x7F, 0xE9,
    0xFF, 0x86, 0x7B, 0xFF, 0xFF, 0xBE, 0x43, 0x3B, 0xFF, 0xFF, 0xFE, 0x7F, 0x83, 0xC4, 0x00, 0x6E,
    0x7E, 0x3C, 0x20, 0xFC, 0x09, 0xFF, 0x66, 0xFF, 0xE3, 0xFF, 0x81, 0x33, 0xFF, 0xFF, 0x99, 0x03,
    0x7B, 0xFF, 0xFF, 0xFF, 0x7F, 0x3B, 0x85, 0x88, 0xEF, 0x0E, 0xF8, 0x3F, 0xFD, 0xAB, 0xFF, 0x7E,
    0xFF, 0xEF, 0xFF, 0xAE, 0x03, 0xFF, 0xFF, 0x80, 0xEB, 0x7B, 0xFF, 0xFF, 0xFF, 0x7E, 0x7E, 0x1D,
    0xC0, 0xCF, 0xB8, 0xC7, 0xFF, 0xFC, 0xEB, 0xFF, 0x3E, 0xFF, 0xFF, 0xFF, 0x6F, 0x0B, 0xFF, 0xFF,
    0xA1, 0xED, 0x7B, 0xFF, 0xFF, 0xFF, 0x7E, 0xFE, 0x78, 0x19, 0x8F, 0xB8, 0xFF, 0xFF, 0xFC, 0xE9,
    0xFF, 0x3E, 0xFF, 0xFF, 0xFE, 0x1F, 0x8B, 0xFF, 0xFF, 0xAB, 0xF0, 0x1B, 0xFF, 0xFF, 0xFF, 0x7E,
    0xF8, 0xFD, 0xBE, 0x9F, 0xBE, 0xFF, 0xFF, 0xFD, 0xED, 0xFF, 0x70, 0x7F, 0xFF, 0xFC, 0x47, 0xCB,
    0xFF, 0xFF, 0xB3, 0xE0, 0x4B, 0xFF, 0xFF, 0xFF, 0x7E, 0x00, 0x05, 0x7F, 0xBF, 0xBE, 0xFF, 0xFF,
    0xFD, 0x85, 0xFF, 0x38, 0x7F, 0xFF, 0xF9, 0xBB, 0xDB, 0xFF, 0xFF, 0xB7, 0x9D, 0x23, 0xFF, 0xFF,
    0xFF, 0x7E, 0x02, 0x00, 0x7F, 0x3F, 0x1E, 0xFF, 0xFF, 0xFC, 0x85, 0xFF, 0x36, 0x7F, 0xFF, 0xE6,
    0x7D, 0xC3, 0xFF, 0xFF, 0x87, 0x3E, 0xDB, 0xFF, 0xFF, 0xFF, 0x7F, 0xCB, 0xF0, 0x7E, 0x7F, 0x08,
    0xFF, 0xFF, 0xFC, 0xF1, 0xFF, 0x7F, 0x7F, 0xFF, 0xCD, 0xFE, 0x8B, 0xFF, 0xFF, 0x82, 0x7F, 0x6B,
    0xFF, 0xFF, 0xFF, 0xBF, 0xE0, 0x7F, 0x38, 0x3F, 0x60, 0xFF, 0xFF, 0xFD, 0xF0, 0xFF, 0x7F, 0xBF,
    0xFF, 0xDB, 0xFE, 0x03, 0xFF, 0xFF, 0x88, 0xFF, 0xB0, 0xFF, 0xFF, 0xFF, 0xBF, 0xC1, 0xFF, 0x00,
    0x03, 0x79, 0xFF, 0xFF, 0xFD, 0xF2, 0xFF, 0x7E, 0x1F, 0xFF, 0xDB, 0xFE, 0x0F, 0xFF, 0xFF, 0xE0,
    0xFF, 0xF6, 0x3F, 0xFF, 0xFF, 0xFF, 0x18, 0x3F, 0xC3, 0x80, 0x78, 0xFF, 0xFF, 0xFD, 0x82, 0xFF,
    0x1D, 0xE7, 0xFF, 0xDF, 0xFC, 0x7F, 0xFF, 0xFF, 0xFC, 0x7F, 0xD7, 0x80, 0x3F, 0xFF, 0x80, 0x7F,
    0x81, 0xFC, 0xF8, 0x78, 0xFF, 0xFF, 0xFC, 0x72, 0x7F, 0x0F, 0xF7, 0xFF, 0x83, 0x80, 0xFF, 0xFF,
    0xFF, 0xFC, 0x03, 0x87, 0xFD, 0x8F, 0xFF, 0x07, 0xFF, 0xFC, 0x0F, 0xE0, 0x78, 0xFF, 0xFF, 0xFD,
    0xF2, 0x7F, 0x87, 0xF3, 0xFF, 0xC8, 0x31, 0xFF, 0xFF, 0xFF, 0xFF, 0x10, 0x27, 0xF9, 0xE1, 0xFE,
    0x3F, 0xFF, 0xFF, 0xC0, 0x1F, 0x78, 0xFF, 0xFF, 0xFD, 0xF3, 0x7F, 0xF1, 0xF3, 0xFF, 0xE0, 0x07,
    0xFF, 0xFF, 0xFF, 0xFF, 0xC0, 0x0F, 0xF3, 0x88, 0x00, 0x3F, 0xFF, 0xFF, 0xFC, 0x0F, 0x78, 0xFF,
    0xFF, 0xFD, 0xFA, 0x7F, 0xF0, 0x03, 0xFF, 0xFF, 0xFF, 0xFF, 0xFF, 0xFF, 0xFF, 0xFF, 0xFF, 0xE1,
    0x31, 0xE7, 0x7F, 0xFF, 0xFF, 0xFF, 0xC1, 0x79, 0xFF, 0xFF, 0xFC, 0x00, 0x7F, 0xFC, 0x07, 0xFF,
    0xFF, 0xFF, 0xFF, 0xFF, 0xFF, 0xFF, 0xFF, 0xFF, 0xCC, 0xE3, 0xCC, 0x7F, 0xFF, 0xFF, 0xFF, 0xFC,
    0x79, 0xFF, 0xFF, 0xFE, 0x01, 0x7F, 0xFF, 0xFF, 0xFF, 0xFF, 0xFF, 0xFF, 0xFF, 0xFF, 0xFF, 0xFF,
    0xFF, 0x3F, 0xC0, 0x18, 0x7F, 0xFF, 0xFF, 0xFF, 0xFF, 0x3A, 0xFF, 0xFF, 0xFF, 0xFD, 0x7F, 0xFF,
    0xFF, 0xFF, 0xFF, 0xFF, 0xFF, 0xFF, 0xFF, 0xFF, 0xFF, 0xFF, 0x7F, 0x8E, 0x70, 0xFF, 0xFF, 0xFF,
    0xFF, 0xFF, 0x00, 0xFF, 0xFF, 0xFF, 0xFC, 0x7F, 0xFF, 0xFF, 0xFF, 0xFF, 0xFF, 0xFF, 0xFF, 0xFF,
    0xFF, 0xFF, 0xFF, 0x7E, 0x1F, 0xE0, 0xFF, 0xFF, 0xFF, 0xFF, 0xFF, 0xB2, 0xFF, 0xFF, 0xFF, 0xFF,
    0xFF, 0xFF, 0xFF, 0xFF, 0xFF, 0xFF, 0xFF, 0xFF, 0xFF, 0xFF, 0xFF, 0xFF, 0x00, 0x3F, 0xEF, 0xFF,
    0xFF, 0xFF, 0xFF, 0xFF, 0xB6, 0xFF, 0xFF, 0xFF, 0xFF, 0xFF, 0xFF, 0xFF, 0xFF, 0xFF, 0xFF, 0xFF,
    0xFF, 0xFF, 0xFF, 0xFF, 0xFF, 0x01, 0x3F, 0x8F, 0xFF, 0xFF, 0xFF, 0xFF, 0xFF, 0x36, 0xFF, 0xFF,
    0xFF, 0xFF, 0xFF, 0xFF, 0xFF, 0xFF, 0xFF, 0xFF, 0xFF, 0xFF, 0xFF, 0xFF, 0xFF, 0xFF, 0xFF, 0x00,
    0x1F, 0xFF, 0xFF, 0xFF, 0xFF, 0xFF, 0x1C, 0xFF, 0xFF, 0xFF, 0xFF, 0xFF, 0xFF, 0xFF, 0xFF, 0xFF,
    0xFF, 0xFF, 0xFF, 0xFF, 0xFF, 0xFF, 0xFF, 0xFF, 0x80, 0x7F, 0xFF, 0xFF, 0xFF, 0xFF, 0xFF, 0x60,
    0xFF, 0xFF, 0xFF, 0xFF, 0xFF, 0xFF, 0xFF, 0xFF, 0xFF, 0xFF, 0xFF, 0xFF, 0xFF, 0xFF, 0xFF, 0xFF,
    0xFF, 0xE7, 0xFF, 0xFF, 0xFF, 0xFF, 0xFF, 0xFF, 0x78, 0xFF, 0xFF, 0xFF, 0xFF, 0xFF, 0xFF, 0xFF,
    0xFF, 0xFF, 0xFF, 0xFF, 0xFF, 0xFF, 0xFF, 0xFF, 0xFF, 0xFF, 0xFF, 0xFF, 0xFF, 0xFF, 0xFF, 0xFF,
    0xFF, 0x78, 0xFF, 0xFF, 0xFF, 0xFF, 0xFF, 0xFF, 0xFF, 0xFF, 0xFF, 0xFF, 0xFF, 0xFF, 0xFF, 0xFF,
    0xFF, 0xFF, 0xFF, 0xFF, 0xFF, 0xFF, 0xFF, 0xFF, 0xFF, 0xFF, 0x38, 0xFF, 0xFF, 0xFF, 0xFF, 0xFF,
    0xFF, 0xFF, 0xFF, 0xFF, 0xFF, 0xFF, 0xFF, 0xFF, 0xFF, 0xFF, 0xFF, 0xFF, 0xFF, 0xFF, 0xFF, 0xFF,
    0xFF, 0xFF, 0xFF, 0x81, 0xFF, 0xFF, 0xFF, 0xFF, 0xFF, 0xFF, 0xFF, 0xFF, 0xFF, 0xFF, 0xFF, 0xFF,
    0xFF, 0xFF, 0xFF, 0xFF, 0xFF, 0xFF, 0xFF, 0xFF, 0xFF, 0xFF, 0xFF, 0xFF, 0xFF, 0xFF, 0xFF, 0xFF,
    0xFF, 0xFF, 0xFF, 0xFF, 0xFF, 0xFF, 0xFF, 0xFF, 0xFF, 0xFF, 0xFF, 0xFF, 0xFF, 0xFF, 0xFF, 0xFF,
    0xFF, 0xFF, 0xFF, 0xFF, 0xFF, 0xFF, 0xFE, 0x7F, 0xFF, 0xFF, 0xFF, 0xFF, 0xFF, 0xFF, 0xFF, 0xFF,
    0xFF, 0xFF, 0xFF, 0xFF, 0xFF, 0xFF, 0xFF, 0xFF, 0xFF, 0xFF, 0xFF, 0xFF, 0xFF, 0xFF, 0xFF, 0xFF,
    0xFF, 0xFF, 0xFF, 0xFF, 0xFF, 0xFF, 0xFF, 0xFF, 0xFF, 0xFF, 0xFF, 0xFF, 0xFF, 0xFF, 0xFF, 0xFF,
    0xFF, 0xFF, 0xFF, 0xFF, 0xFF, 0xFF, 0xFF, 0xFF,
};

const uint8_t APP_VIDEO_FRAME_04[5000] = {
    0xAF, 0xF4, 0xFF, 0xFF, 0xFF, 0xE0, 0x01, 0xFF, 0x87, 0xFF, 0xFF, 0xC7, 0xFE, 0x7F, 0xFE, 0xFF,
    0xCF, 0xFF, 0xE0, 0x03, 0xFF, 0xFF, 0xFF, 0xFC, 0x00, 0xAF, 0x04, 0xFF, 0xFF, 0xFF, 0xF8, 0x00,
    0x7F, 0xF1, 0xFF, 0xFF, 0xF1, 0xFF, 0x9F, 0xE7, 0x3F, 0xF3, 0xFF, 0x80, 0xFF, 0x9F, 0xF8, 0x7F,
    0x00, 0x01, 0xA0, 0x64, 0xFF, 0xFF, 0xFF, 0xFE, 0x1D, 0x0F, 0xFC, 0x7F, 0xFF, 0xFC, 0x7E, 0x03,
    0xF9, 0xDF, 0xFC, 0xC0, 0x1F, 0xFF, 0xFF, 0xFF, 0x80, 0x00, 0x7F, 0x2C, 0x04, 0xFF, 0xFF, 0xFF,
    0xFF, 0x5D, 0xE3, 0xFF, 0x9F, 0xFF, 0xFF, 0x01, 0xF9, 0xFE, 0xFF, 0xF8, 0x0F, 0xFF, 0xFF, 0xFF,
    0xE0, 0x00, 0x3F, 0xFF, 0xA0, 0x74, 0xFF, 0xFF, 0xFF, 0xFF, 0x5D, 0x40, 0x7F, 0xC3, 0xFF, 0xFF,
    0xC7, 0xFE, 0x7F, 0xBC, 0x01, 0xFF, 0xFF, 0xFF, 0xF0, 0x00, 0x0F, 0xFF, 0xFF, 0x2F, 0xF4, 0xFF,
    0xFF, 0xFF, 0xFF, 0x45, 0x40, 0x1F, 0xF8, 0xFF, 0x9F, 0xF1, 0xFF, 0x8F, 0x00, 0xFF, 0xFF, 0xFF,
    0xF8, 0x00, 0x0F, 0xFF, 0xFF, 0xFF, 0xAF, 0xF4, 0xFF, 0xFF, 0x3F, 0xFF, 0x45, 0x46, 0x07, 0xFE,
    0x3F, 0xE7, 0xFE, 0x7F, 0xE0, 0x3F, 0xFF, 0xFF, 0xFE, 0x00, 0x07, 0xFF, 0xFF, 0xFF, 0xFF, 0xAF,
    0xF4, 0xFF, 0xFE, 0xDF, 0xFF, 0x45, 0x47, 0x80, 0xFF, 0x87, 0xF9, 0xFF, 0x80, 0x0F, 0xFF, 0xFF,
    0xFF, 0x00, 0x01, 0xFF, 0xFF, 0xFF, 0xFF, 0xFF, 0xAF, 0xF4, 0xFF, 0xFD, 0xEF, 0xFF, 0x45, 0x47,
    0xF0, 0x3F, 0xF1, 0xFE, 0x3C, 0x03, 0xFF, 0xFF, 0xFF, 0xC0, 0x00, 0xFF, 0xFF, 0xFF, 0xFF, 0xFF,
    0xFF, 0xAF, 0xF4, 0xFF, 0xFB, 0xF7, 0xFF, 0x45, 0xC7, 0xFC, 0x07, 0xFC, 0x7E, 0x00, 0x7F, 0xFF,
    0xFF, 0xF0, 0x00, 0x1F, 0xFF, 0xFF, 0xFF, 0xFF, 0xFF, 0xFF, 0xAF, 0xF4, 0xFF, 0xF7, 0xFB, 0xFF,
    0x55, 0xC7, 0xFF, 0x80, 0xFF, 0x00, 0x33, 0xFF, 0xFF, 0xF0, 0x00, 0x1F, 0xFF, 0xFF, 0xFF, 0xFF,
    0x7F, 0xFF, 0xFF, 0xAF, 0xF4, 0xFF, 0xE7, 0xFD, 0xFF, 0x75, 0xC7, 0xFB, 0xE0, 0x7F, 0x4E, 0x7F,
    0xFF, 0xFE, 0x00, 0x06, 0x7F, 0xFF, 0xFF, 0xFF, 0xFF, 0x7F, 0xFF, 0xFF, 0xAF, 0xF4, 0xFF, 0xEF,
    0xFE, 0xFF, 0x75, 0xC7, 0xF7, 0xFC, 0x0F, 0xCE, 0x7F, 0xFF, 0x00, 0x03, 0xF6, 0x7F, 0xFF, 0xFF,
    0xFF, 0xFF, 0xFF, 0xFF, 0xFF, 0xAF, 0xF4, 0xFF, 0xDF, 0xFF, 0x7F, 0x75, 0xC7, 0xEF, 0xFD, 0x03,
    0x0E, 0x4F, 0xC0, 0x01, 0xF7, 0xF6, 0x7F, 0xFF, 0xFF, 0xFF, 0xFF, 0xFF, 0xFF, 0xFF, 0xAE, 0x04,
    0xFF, 0xBF, 0xFF, 0xBF, 0x75, 0xC7, 0xFF, 0xFF, 0xE0, 0x4E, 0x60, 0x00, 0x3F, 0xFF, 0xF6, 0x7F,
    0xFF, 0xFF, 0xFF, 0xFF, 0xFF, 0xFF, 0xFF, 0x80, 0xF8, 0xFF, 0x7F, 0xFF, 0xDF, 0x75, 0xC7, 0xDF,
    0xFF, 0xF8, 0x00, 0x00, 0x3F, 0xFF, 0xEF, 0xF6, 0x7F, 0xFF, 0xFF, 0xFF, 0xFF, 0xFF, 0xFF, 0xFF,
    0x7F, 0xF8, 0xFE, 0xFF, 0xFF, 0xEF, 0x75, 0xC7, 0xBF, 0xFF, 0xFF, 0x00, 0x07, 0xFF, 0xFF, 0xDF,
    0xF6, 0x7F, 0xFF, 0xFF, 0xFF, 0xFF, 0xFF, 0xFF, 0xFF, 0xFE, 0x00, 0xFD, 0xFF, 0xFF, 0xF7, 0x75,
    0xC7, 0x7F, 0xFF, 0x7E, 0x03, 0x41, 0xFF, 0xFF, 0xFF, 0xF6, 0x7F, 0xFF, 0xFF, 0xFF, 0xFF, 0xFF,
    0xFF, 0xFF, 0xC0, 0x0F, 0xF9, 0xFF, 0xFF, 0xFB, 0x75, 0xC6, 0xFF, 0xFF, 0x7E, 0x7F, 0xF9, 0xFF,
    0xFF, 0xBF, 0xF6, 0x7F, 0xFF, 0xFF, 0xFF, 0xFF, 0xFF, 0xFF, 0xFF, 0x01, 0xFF, 0xF3, 0xFF, 0xFF,
    0xFD, 0x75, 0xC6, 0xFF, 0xFF, 0xF8, 0xF7, 0xF8, 0x7F, 0xFF, 0xBF, 0xF6, 0x7F, 0xFF, 0xFF, 0xFF,
    0xFF, 0xFF, 0xFF, 0xFC, 0xFF, 0xFF, 0xE1, 0xFF, 0xFF, 0xFC, 0x75, 0xE6, 0xFF, 0xFF, 0xB9, 0xA3,
    0xEE, 0x7F, 0xFF, 0x7F, 0xF6, 0x7F, 0xFF, 0xFF, 0xFF, 0xFF, 0xFF, 0xFF, 0xF8, 0xFF, 0xFF, 0xEC,
    0xFF, 0xFF, 0xFB, 0x75, 0xE7, 0xFF, 0xFF, 0xD3, 0xBF, 0xF6, 0x7F, 0xFC, 0xFF, 0xF6, 0x7F, 0xFF,
    0xFF, 0xFF, 0xFF, 0xFF, 0xFF, 0xF8, 0xFF, 0xFF, 0xDC, 0x7F, 0xFF, 0xF3, 0x75, 0xE5, 0xFF, 0xFF,
    0xF3, 0x3F, 0xE7, 0x3F, 0xFF, 0xFF, 0xF6, 0x7F, 0xFF, 0xFF, 0xFF, 0xFF, 0xE0, 0x0F, 0xC0, 0xFF,
    0xFF, 0xB6, 0x7F, 0xFF, 0xF7, 0x75, 0xE3, 0xFF, 0xFF, 0xF3, 0x3F, 0xFF, 0x3F, 0xFB, 0xFF, 0xF6,
    0x7F, 0xFF, 0xFF, 0xFF, 0xE0, 0x0F, 0x8E, 0x00, 0xFF, 0xFF, 0x63, 0x3F, 0xFF, 0xEF, 0x75, 0xE7,
    0xFF, 0xFF, 0xF3, 0xA5, 0x81, 0x3F, 0xFB, 0xFF, 0xF6, 0x7F, 0xFF, 0xFF, 0xC0, 0x07, 0xFF, 0x48,
    0x03, 0xFF, 0xFE, 0xC5, 0x8F, 0xFF, 0xDF, 0x7D, 0xE7, 0xFF, 0xFF, 0xE3, 0x00, 0x03, 0x3F, 0xFF,
    0xFF, 0xF6, 0x7F, 0xFF, 0x80, 0x1F, 0xFF, 0xFE, 0xC0, 0x7C, 0xFF, 0xFC, 0x8E, 0xCF, 0xFF, 0xBF,
    0x7D, 0xE7, 0xFF, 0xFF, 0xF2, 0x00, 0x01, 0x3F, 0xE7, 0xFF, 0xF6, 0x7F, 0xC0, 0x3F, 0xFF, 0xFF,
    0x80, 0xC2, 0xFE, 0xFF, 0xFD, 0x9E, 0x67, 0xFF, 0x7F, 0x7D, 0xE7, 0xFF, 0xFF, 0xF2, 0x08, 0x41,
    0x3F, 0xDF, 0xFF, 0xF6, 0x00, 0x1F, 0xFF, 0xFE, 0x00, 0x00, 0xC6, 0xFB, 0xFF, 0xFB, 0x3F, 0x33,
    0xFE, 0xFF, 0x7D, 0xE7, 0xFF, 0xFF, 0xF2, 0x3D, 0x61, 0x3F, 0xBF, 0xFF, 0xF6, 0x3F, 0xFF, 0xFF,
    0x00, 0x07, 0xFE, 0x9E, 0x7D, 0xFF, 0xF6, 0x7F, 0x99, 0xFD, 0xFF, 0x7D, 0xE7, 0xFF, 0xFF, 0xF0,
    0x03, 0x00, 0x7F, 0x7F, 0xFF, 0xF5, 0xFF, 0xFC, 0x00, 0x03, 0xFF, 0xFE, 0xBD, 0x7D, 0xFF, 0xEC,
    0xFF, 0xCC, 0xFB, 0xFF, 0x7D, 0xE7, 0xFF, 0xFF, 0xF8, 0x83, 0x04, 0x7E, 0xFF, 0xFF, 0xF3, 0xF0,
    0x00, 0x0F, 0xFF, 0xFF, 0xFE, 0x61, 0x1E, 0xFF, 0xC8, 0xFF, 0xE6, 0x77, 0xFF, 0x7D, 0xE7, 0xFF,
    0xFF, 0xF8, 0x83, 0x84, 0x7D, 0xFF, 0xFF, 0xF0, 0x00, 0x1F, 0xFF, 0xFF, 0xFF, 0xFE, 0x63, 0x8E,
    0xFF, 0x91, 0xFF, 0xF3, 0x2F, 0xFF, 0x7D, 0xE7, 0xFF, 0xFF, 0xF8, 0xDF, 0xEC, 0x7F, 0xFF, 0xFF,
    0xF0, 0x1F, 0xFF, 0xFF, 0xFF, 0xFF, 0xFE, 0x47, 0xC1, 0xE7, 0xB3, 0xFF, 0xF9, 0x9F, 0xFF, 0x7D,
    0xE7, 0xFF, 0xFF, 0xF8, 0xFF, 0xFC, 0x7F, 0xFF, 0xFF, 0xFF, 0xFF, 0xFF, 0xFF, 0xFF, 0xFF, 0xFE,
    0x47, 0xE0, 0xC1, 0x33, 0xFF, 0xFB, 0x1F, 0xFF, 0x7D, 0xE7, 0xFF, 0xFF, 0xF8, 0xFF, 0xFC, 0xFF,
    0xFF, 0xFF, 0xFF, 0xFF, 0xFF, 0xFF, 0xFF, 0xFF, 0xFE, 0x41, 0xC0, 0x8C, 0xB1, 0xFF, 0xF6, 0x3F,
    0xFF, 0x7D, 0xE7, 0xFF, 0xFF, 0xFC, 0xFD, 0xF8, 0xFF, 0xFF, 0xFF, 0xFF, 0xFF, 0xFF, 0xFF, 0xFF,
    0xFF, 0xFE, 0x41, 0xC0, 0xB8, 0x59, 0xFF, 0xEC, 0x7F, 0xFF, 0x7D, 0xE7, 0xFF, 0xFF, 0xFE, 0x7C,
    0xF9, 0xFF, 0xFF, 0xFF, 0xFF, 0xFF, 0xFF, 0xFF, 0xFF, 0xFF, 0xFE, 0x40, 0xC0, 0x73, 0x0C, 0xFF,
    0xCC, 0xFF, 0xFF, 0x7D, 0xE7, 0xFF, 0xFF, 0xFE, 0x7F, 0xF9, 0xFF, 0xFF, 0xFF, 0xFF, 0xFF, 0xFF,
    0xFF, 0xFF, 0xFF, 0xFE, 0x00, 0x30, 0x0C, 0xC6, 0x7F, 0x99, 0xFF, 0xFF, 0x7D, 0xE7, 0xFF, 0xFF,
    0xFE, 0x38, 0x71, 0xFF, 0xFF, 0xFF, 0xFF, 0xFF, 0xFF, 0xFF, 0xFF, 0xFF, 0xFE, 0x00, 0x18, 0x7F,
    0x63, 0x3F, 0x33, 0xFF, 0xFF, 0x7D, 0xE7, 0xFF, 0xFF, 0xFE, 0x3C, 0xF1, 0xFF, 0xFF, 0xFF, 0xFF,
    0xFF, 0xFF, 0xFF, 0xFF, 0xFF, 0xFE, 0x08, 0xDE, 0x3B, 0xB1, 0x9F, 0x63, 0xFF, 0xFF, 0x7D, 0xE7,
    0xFF, 0xFF, 0xE0, 0x5F, 0xE0, 0x0F, 0xFF, 0xFF, 0xFF, 0xFF, 0xFF, 0xFF, 0xFF, 0xFF, 0xFE, 0x80,
    0xE1, 0x64, 0xE0, 0xCE, 0xC7, 0xFF, 0xFF, 0x7D, 0xE7, 0xFF, 0xFF, 0xCC, 0x4F, 0xC8, 0xEF, 0xFF,
    0xFF, 0xFF, 0xFF, 0xFF, 0xFF, 0xFF, 0xFF, 0xFE, 0xAE, 0xFF, 0x60, 0x22, 0x65, 0x8F, 0xFF, 0xFF,
    0x7D, 0xE7, 0xFF, 0xFF, 0xD0, 0x43, 0x80, 0x37, 0xFF, 0xFF, 0xFF, 0xFF, 0xFF, 0xFF, 0xFF, 0xFF,
    0xFE, 0xAE, 0x7F, 0xC7, 0x07, 0x33, 0x1F, 0xFF, 0xFF, 0x7D, 0xE7, 0xFF, 0xFE, 0x18, 0x00, 0x00,
    0x30, 0xFF, 0xFF, 0xFF, 0xFF, 0xFF, 0xFF, 0xFF, 0xFF, 0xFE, 0xA7, 0xFF, 0x8F, 0x8F, 0xB2, 0x3F,
    0xFF, 0xFF, 0x7D, 0xE7, 0xFF, 0xE1, 0xB9, 0x00, 0x86, 0x7A, 0x1F, 0xFF, 0xFF, 0xFF, 0xFF, 0xFF,
    0xFF, 0xFF, 0xFE, 0xA7, 0x0F, 0x98, 0xFF, 0xDC, 0x7F, 0xFF, 0xFF, 0x7D, 0xE7, 0xFF, 0x93, 0x9D,
    0xE4, 0x99, 0xF6, 0x63, 0xFF, 0xFF, 0xFF, 0xFF, 0xFF, 0xFF, 0xFF, 0xFE, 0xA3, 0xFE, 0x18, 0x7F,
    0xEC, 0xF8, 0x1F, 0xFF, 0x7D, 0xE7, 0xFF, 0x3C, 0xCE, 0xE3, 0x93, 0xCC, 0xF9, 0xFF, 0xFF, 0xFF,
    0xFF, 0xFF, 0xFF, 0xFF, 0xFE, 0x8D, 0xFC, 0x30, 0x3F, 0xF1, 0xE3, 0xC7, 0xFF, 0x7D, 0xE7, 0xFF,
    0x3E, 0x66, 0x33, 0x0F, 0x99, 0xF1, 0xFF, 0xFF, 0xFF, 0xFF, 0xFF, 0xFF, 0xFF, 0xFE, 0x84, 0xF0,
    0x37, 0x1F, 0xF3, 0xCF, 0xF3, 0xFF, 0x7D, 0xE7, 0xFE, 0x0F, 0x30, 0x00, 0x7E, 0x33, 0xC0, 0xFF,
    0xFF, 0xFF, 0xFF, 0xFF, 0xFF, 0xFF, 0xFE, 0x81, 0x07, 0x73, 0x4F, 0xF5, 0x9F, 0xF8, 0xFF, 0x5D,
    0xE7, 0xFC, 0xE3, 0x80, 0x07, 0xF9, 0x4F, 0x9E, 0x7F, 0xFF, 0xFF, 0xFF, 0xFF, 0xFF, 0xFF, 0xFE,
    0x86, 0x18, 0x68, 0x0F, 0xEE, 0x7F, 0xFE, 0x7F, 0x5D, 0xE7, 0xF3, 0xF8, 0xE2, 0x3F, 0x87, 0x1E,
    0x7F, 0x9F, 0xFF, 0xFF, 0xFF, 0xFF, 0xFF, 0xFF, 0xFE, 0x66, 0x00, 0x63, 0xA7, 0xCC, 0xF7, 0xFF,
    0x3F, 0x7D, 0xE7, 0xE7, 0xFE, 0x20, 0x00, 0x7E, 0x7C, 0xFF, 0xCF, 0xFF, 0xFF, 0xFF, 0xFF, 0xFF,
    0xFF, 0xFE, 0x00, 0x07, 0x6B, 0xA7, 0x91, 0xEF, 0xFF, 0x9F, 0x7D, 0xE7, 0xCF, 0xFE, 0x00, 0x00,
    0x03, 0xF0, 0xFF, 0xE7, 0xFF, 0xFF, 0xFF, 0xFF, 0xFF, 0xFF, 0xFE, 0x00, 0x47, 0x6B, 0xD7, 0xA7,
    0xAF, 0xFF, 0xDF, 0x7D, 0xE7, 0xC3, 0xFE, 0x00, 0x3F, 0x8F, 0xE0, 0xFF, 0x97, 0xFF, 0xFF, 0xFF,
    0xFF, 0xFF, 0xFF, 0xFF, 0xE1, 0x4C, 0x63, 0xD7, 0x4F, 0x87, 0xFF, 0xCF, 0x7D, 0xE7, 0xD5, 0xFE,
    0x18, 0x07, 0xFF, 0x90, 0xFF, 0x77, 0xFF, 0xFF, 0xFF, 0xF8, 0x03, 0xFF, 0xFE, 0x0B, 0x83, 0x63,
    0xD6, 0xD6, 0x0F, 0xFF, 0xE7, 0x7D, 0xE7, 0xD6, 0x7E, 0x3C, 0xC0, 0x7C, 0x70, 0xFC, 0xF7, 0xFF,
    0xFF, 0xFF, 0xE2, 0x1C, 0xFF, 0xFD, 0xB3, 0x07, 0x25, 0xC5, 0xD0, 0x0F, 0xFF, 0xF7, 0x7D, 0xE7,
    0xD7, 0x3E, 0x3E, 0xEE, 0x01, 0xF8, 0xF9, 0xF7, 0xFF, 0xFF, 0xFF, 0xC4, 0x07, 0x7F, 0xF9, 0xB7,
    0x8F, 0xB0, 0x13, 0x87, 0xDF, 0xFC, 0x73, 0x7D, 0xE7, 0x9F, 0xC8, 0x3E, 0x76, 0xFF, 0xF8, 0x27,
    0xE7, 0xFF, 0xFF, 0xFF, 0x90, 0xF3, 0xBF, 0xFB, 0xA7, 0x6F, 0xB0, 0xC7, 0x8F, 0xDF, 0xC0, 0x1B,
    0x7D, 0xE7, 0x8E, 0xE0, 0x3F, 0x32, 0xFF, 0xF8, 0x0F, 0xE3, 0xFF, 0xFF, 0xFF, 0x79, 0x79, 0xDF,
    0xF2, 0x27, 0x0F, 0x12, 0xA6, 0x4F, 0x9E, 0x00, 0x21, 0x7D, 0xE7, 0x06, 0xE0, 0x7F, 0xB9, 0xFF,
    0xF8, 0x0E, 0x43, 0xFF, 0xFF, 0xFE, 0x60, 0x3D, 0x4F, 0xF6, 0x4F, 0x5F, 0x48, 0x0E, 0xEF, 0xB0,
    0xC3, 0x1C, 0x7D, 0xE7, 0x80, 0x02, 0x7F, 0xDC, 0x7F, 0xFC, 0x80, 0x03, 0xFF, 0xFF, 0xFE, 0xC0,
    0x1E, 0x8F, 0xF6, 0x40, 0x00, 0xE6, 0x1E, 0xEF, 0x87, 0xC7, 0x1E, 0x7D, 0xE7, 0x9C, 0x02, 0x7F,
    0xC8, 0x3F, 0xFC, 0x80, 0x73, 0xFF, 0xFF, 0xFD, 0xDF, 0xDE, 0x4F, 0xEE, 0x40, 0x00, 0xE3, 0x1E,
    0xCF, 0x1F, 0xE0, 0x00, 0x7D, 0xE7, 0xBF, 0x80, 0x5F, 0xE1, 0x3F, 0xF4, 0x13, 0xFB, 0xFF, 0xFF,
    0xFD, 0x9F, 0xC6, 0x07, 0xEC, 0xFC, 0x3F, 0x30, 0xFE, 0xBF, 0x7E, 0x00, 0x7E, 0x0D, 0xE7, 0x37,
    0x50, 0xE7, 0xE3, 0x9F, 0xCC, 0x10, 0xF1, 0xFF, 0xFF, 0xFD, 0x1F, 0xE7, 0x03, 0xDD, 0xFD, 0x7F,
    0x0C, 0x1E, 0x3F, 0x60, 0xFF, 0xFF, 0xE0, 0xE7, 0x06, 0x10, 0xF9, 0xE3, 0x8F, 0x3E, 0x10, 0xC1,
    0xFF, 0xFF, 0xF9, 0x3F, 0xF3, 0x03, 0x99, 0xFD, 0x7F, 0x07, 0x06, 0x7F, 0x0F, 0xFF, 0xFF, 0xFE,
    0x07, 0x80, 0x00, 0xFF, 0xF0, 0x0F, 0xFE, 0x08, 0x0B, 0xFF, 0xFF, 0xF9, 0x0F, 0x03, 0x03, 0x3B,
    0xFF, 0xE0, 0xE1, 0x97, 0xFE, 0x7F, 0xFF, 0xC0, 0x00, 0x01, 0xBE, 0x31, 0xFF, 0xF8, 0x0F, 0xFF,
    0x18, 0xF9, 0xFF, 0xFF, 0xF9, 0x3F, 0xF3, 0x03, 0x73, 0xFF, 0x00, 0xF0, 0xE3, 0xF8, 0xFF, 0xF8,
    0x00, 0x00, 0x00, 0x3E, 0x19, 0xFF, 0xFC, 0x37, 0xFF, 0x20, 0xFD, 0xFF, 0xFF, 0xF9, 0x47, 0x83,
    0x03, 0x73, 0xFC, 0x27, 0xFC, 0x71, 0xE7, 0xFF, 0x80, 0x00, 0x00, 0x00, 0x3C, 0x41, 0x8F, 0xFE,
    0x73, 0xE3, 0x08, 0x70, 0xFF, 0xFF, 0xF9, 0x07, 0x03, 0x03, 0x33, 0xF9, 0xE7, 0xFE, 0x52, 0x0F,
    0xFC, 0x01, 0x01, 0x00, 0x00, 0x00, 0x70, 0x0F, 0xFE, 0x39, 0xE1, 0x3C, 0x00, 0xFF, 0xFF, 0xF9,
    0x07, 0xC3, 0x03, 0xA3, 0xE3, 0x67, 0x7E, 0x04, 0x7F, 0x80, 0x01, 0x01, 0x80, 0x00, 0x00, 0x18,
    0xCF, 0xFE, 0x9C, 0xE6, 0x00, 0x01, 0xFF, 0xFF, 0xF9, 0x07, 0xC9, 0x03, 0x83, 0xCB, 0x67, 0x9C,
    0x21, 0xF8, 0x00, 0x00, 0x31, 0x80, 0x04, 0x9D, 0xE1, 0x9F, 0xFE, 0xCE, 0x73, 0x1F, 0x77, 0xFF,
    0xFF, 0xFD, 0x3F, 0xF9, 0x03, 0xD9, 0xDB, 0x67, 0xCD, 0x24, 0x00, 0x4C, 0x00, 0x79, 0x00, 0x01,
    0xDF, 0xF8, 0x27, 0xFE, 0xEF, 0x1C, 0x3F, 0xF3, 0xFF, 0xFF, 0xFD, 0x3B, 0xF9, 0x03, 0xD9, 0x9A,
    0x6F, 0xE4, 0x20, 0x00, 0x0C, 0x01, 0x01, 0x00, 0x07, 0xDF, 0xF8, 0x83, 0xFE, 0xF7, 0x8E, 0x3F,
    0x71, 0xFF, 0xFF, 0xFC, 0x3B, 0xF1, 0x03, 0xDC, 0xBA, 0x6F, 0x74, 0x57, 0x00, 0x14, 0x0F, 0x81,
    0x00, 0x07, 0xDD, 0xF0, 0x33, 0xFE, 0xF3, 0x02, 0x1F, 0x71, 0xFF, 0xFF, 0xFC, 0x3F, 0xF2, 0x03,
    0xDE, 0x3A, 0x6F, 0x98, 0x57, 0x00, 0x94, 0x0F, 0x80, 0x01, 0xE7, 0x9D, 0xF0, 0xE7, 0xFE, 0xFC,
    0x60, 0x4F, 0x60, 0xFF, 0xFF, 0xFC, 0x1F, 0xFA, 0x07, 0x9B, 0x3A, 0x6F, 0xC8, 0x43, 0x19, 0x88,
    0x0F, 0xC0, 0x9D, 0xE7, 0xBD, 0xE0, 0x0B, 0xFE, 0xFC, 0x48, 0x4E, 0xC6, 0xFF, 0xFF, 0xFC, 0x0F,
    0xF2, 0x1F, 0xB8, 0x3A, 0x6D, 0xE0, 0x20, 0x01, 0x88, 0xDF, 0xC9, 0x8D, 0xE7, 0xBE, 0xC8, 0x39,
    0xFE, 0xFE, 0x1C, 0x00, 0x06, 0x7F, 0xFF, 0xFC, 0x07, 0xE2, 0x0F, 0xB4, 0x3A, 0x6D, 0x74, 0x00,
    0x00, 0xCC, 0x7F, 0xF9, 0x8D, 0xEF, 0x3D, 0x98, 0x79, 0xFE, 0xFF, 0x9C, 0x00, 0xE7, 0x7F, 0xFF,
    0xFE, 0x13, 0x88, 0xB7, 0xA0, 0xA6, 0xED, 0x38, 0x00, 0x18, 0x8C, 0xFF, 0xF9, 0x8D, 0xEC, 0x3E,
    0x99, 0x47, 0xFE, 0xFF, 0xC4, 0x06, 0x07, 0x7F, 0xFF, 0xFE, 0x18, 0x20, 0x27, 0x2C, 0xB0, 0xED,
    0x1A, 0x92, 0xB8, 0xA4, 0xFF, 0xF1, 0x0D, 0xED, 0x3E, 0xDB, 0x11, 0xFE, 0xFF, 0xF0, 0x20, 0x60,
    0x7F, 0xFF, 0xFF, 0x9D, 0xF0, 0x17, 0x3C, 0x82, 0x4D, 0xCA, 0x83, 0xB8, 0x04, 0x7F, 0xF1, 0x0D,
    0xEC, 0x0F, 0xDB, 0x30, 0xFF, 0xFF, 0xF0, 0x67, 0xF0, 0xFF, 0xFF, 0xFF, 0xDC, 0xF4, 0x07, 0x7C,
    0x38, 0x07, 0xE2, 0x83, 0xBC, 0x02, 0x1F, 0xC0, 0x0D, 0xE5, 0x03, 0xDB, 0x30, 0x3F, 0xFF, 0xF0,
    0x24, 0x00, 0xFF, 0xFF, 0xFF, 0xF9, 0xFE, 0x07, 0x78, 0xCD, 0x8E, 0xF2, 0xC1, 0xBC, 0x02, 0x07,
    0x00, 0x1D, 0xE5, 0xC9, 0xC8, 0x10, 0xBF, 0xFF, 0xE0, 0x23, 0x00, 0x7F, 0xFF, 0xFF, 0xC1, 0xFF,
    0x87, 0x87, 0xBF, 0xF2, 0xFA, 0xC1, 0xBE, 0x80, 0x10, 0x00, 0x1D, 0xE5, 0xF0, 0x08, 0x00, 0x20,
    0x00, 0x01, 0x26, 0x18, 0x7F, 0xFF, 0xF8, 0x0F, 0xFF, 0x01, 0xA7, 0x3F, 0xD8, 0xFA, 0xC1, 0xBF,
    0x98, 0x02, 0x20, 0x7D, 0xE5, 0xF9, 0x82, 0x00, 0x00, 0x00, 0x3D, 0x20, 0x3E, 0x7F, 0xFF, 0xF0,
    0x9F, 0xFE, 0x38, 0x2F, 0x3F, 0xEC, 0xFB, 0xCD, 0xBF, 0x3C, 0x38, 0x10, 0x7D, 0xE5, 0xF8, 0x04,
    0x09, 0xA7, 0x8B, 0x7C, 0x20, 0x7E, 0xFF, 0xFF, 0xED, 0x03, 0x80, 0x73, 0x9A, 0xB5, 0xEE, 0xFA,
    0xCD, 0xBE, 0x7E, 0x1C, 0x92, 0x7D, 0xE5, 0xF9, 0x84, 0x89, 0x83, 0x8A, 0x7C, 0x06, 0x7E, 0xFF,
    0xFF, 0xE9, 0x3F, 0xFC, 0x77, 0x9A, 0x71, 0xE6, 0xFA, 0xC1, 0xBE, 0x07, 0xC4, 0x0F, 0x3D, 0xE5,
    0xF8, 0xC0, 0x89, 0xA7, 0x8F, 0xE0, 0x08, 0x3E, 0xFF, 0xFF, 0xDB, 0x3F, 0xFC, 0xEF, 0x90, 0x60,
    0x62, 0xFB, 0xC4, 0xBE, 0x70, 0xE0, 0x18, 0x3D, 0xE5, 0xF0, 0x00, 0x80, 0x00, 0x00, 0x00, 0x02,
    0x3E, 0xFF, 0xFF, 0xDB, 0x7F, 0xF8, 0xCF, 0xB0, 0x66, 0x72, 0xFB, 0xC0, 0xBE, 0xFF, 0x00, 0x03,
    0xBD, 0xE4, 0xF1, 0x81, 0x80, 0x00, 0x00, 0x07, 0x27, 0x3E, 0xFF, 0xFF, 0x92, 0x01, 0xA1, 0xDF,
    0x00, 0x60, 0x3F, 0xFB, 0xC0, 0xBC, 0xFF, 0xE0, 0x3F, 0x9D, 0xE4, 0xF3, 0x81, 0x18, 0x40, 0x1C,
    0x3F, 0x33, 0x3E, 0xFF, 0xFF, 0xB3, 0x00, 0x01, 0xDE, 0x02, 0x9E, 0x1B, 0xFB, 0xD2, 0xBD, 0xFF,
    0xC0, 0x1F, 0xDD, 0xE6, 0xF3, 0x81, 0x18, 0xC0, 0x38, 0x3F, 0x33, 0x3C, 0xFF, 0xFF, 0xB3, 0xC0,
    0x03, 0x9F, 0x87, 0xD9, 0x9B, 0xFB, 0xD0, 0x3D, 0xFF, 0xE0, 0x1F, 0xDD, 0xE6, 0xF3, 0x0B, 0x38,
    0xE0, 0x18, 0x3F, 0x9B, 0x3C, 0xFF, 0xFF, 0x33, 0xE9, 0x7F, 0x9F, 0x80, 0x78, 0x5B, 0xFB, 0xC6,
    0x39, 0xFF, 0xC0, 0x0F, 0xDD, 0xE6, 0xF1, 0x43, 0x30, 0x60, 0x39, 0x3F, 0x93, 0x3D, 0xFF, 0xFF,
    0x77, 0xED, 0xFF, 0x9F, 0x80, 0x70, 0x18, 0x7B, 0xD0, 0x3B, 0xFF, 0x2B, 0x17, 0xCD, 0xE6, 0x70,
    0x52, 0x30, 0x60, 0x19, 0x0E, 0x08, 0x3D, 0xFF, 0xFE, 0x67, 0xFD, 0xFF, 0xBF, 0xC0, 0x78, 0x10,
    0x7B, 0xDF, 0x13, 0xBC, 0xD3, 0xAF, 0xED, 0xE6, 0x71, 0x56, 0x02, 0x60, 0x19, 0x01, 0xD9, 0x3D,
    0xFF, 0xFE, 0xEF, 0xFF, 0xFF, 0x3F, 0xC0, 0xF8, 0x80, 0xFB, 0xD8, 0x04, 0x7B, 0xA7, 0x97, 0xED,
    0xE7, 0x70, 0x06, 0x62, 0x70, 0x71, 0x8F, 0xC8, 0x3D, 0xFF, 0xFD, 0xEF, 0xFF, 0xFF, 0x7F, 0xE5,
    0x7D, 0xC0, 0xFB, 0xCE, 0x21, 0xFF, 0x6F, 0xD7, 0xE5, 0xEF, 0x73, 0x06, 0x72, 0x30, 0x33, 0xAF,
    0xE9, 0x39, 0xFF, 0xFD, 0xCF, 0xFF, 0xFE, 0x7F, 0xE7, 0x7F, 0xE0, 0xFB, 0xC8, 0x07, 0xFF, 0xDF,
    0xCB, 0x75, 0xE7, 0x40, 0x00, 0xE1, 0x33, 0x33, 0x8F, 0xE8, 0x09, 0xFF, 0xFC, 0x4F, 0xFF, 0xFE,
    0xFF, 0xF7, 0xFF, 0xF0, 0xFB, 0xCC, 0x00, 0x07, 0x9F, 0xE7, 0xB5, 0xE0, 0x00, 0x40, 0xE2, 0x38,
    0x73, 0x0F, 0x88, 0x00, 0x00, 0x00, 0x0F, 0xFF, 0xFE, 0x7D, 0xF7, 0x9F, 0xC2, 0xFB, 0xD5, 0x0F,
    0xFE, 0x1F, 0xF7, 0xD5, 0xE6, 0x13, 0x08, 0xC1, 0x18, 0x26, 0xC3, 0x01, 0x01, 0xFF, 0xFE, 0x0F,
    0xFF, 0xFF, 0x4A, 0x63, 0xFF, 0x8F, 0xFB, 0xD1, 0x80, 0xF8, 0x5F, 0xF3, 0xE9, 0xE7, 0x73, 0x8F,
    0x04, 0x93, 0x25, 0xC0, 0xE4, 0x39, 0xFF, 0xFF, 0x07, 0xFF, 0xFF, 0x00, 0xC9, 0xFE, 0x0F, 0xFB,
    0xD1, 0x80, 0x00, 0xDF, 0xF1, 0xF1, 0xE7, 0x73, 0x8F, 0xC6, 0x1D, 0xE3, 0xC7, 0xEE, 0x39, 0xFF,
    0xFF, 0x73, 0xFF, 0xFE, 0x3C, 0x08, 0x78, 0x1F, 0xFB, 0xD1, 0x90, 0xE1, 0xDF, 0xF4, 0xF9, 0xE0,
    0x73, 0x5F, 0x8D, 0x0D, 0xC6, 0xE7, 0xEE, 0x38, 0x00, 0x00, 0x73, 0xE3, 0xFC, 0x3E, 0x08, 0x00,
    0x1F, 0xFB, 0xD0, 0x94, 0x63, 0xDF, 0xF4, 0x3D, 0xE7, 0x72, 0xDF, 0x8E, 0x45, 0x89, 0xEB, 0xE2,
    0x39, 0xFD, 0xF7, 0x78, 0x80, 0x01, 0x7F, 0x08, 0x18, 0xCF, 0x7B, 0xD4, 0x96, 0x4B, 0xDF, 0xF4,
    0x1C, 0xE7, 0x60, 0x4F, 0x9F, 0xA1, 0x87, 0xE3, 0xC9, 0x1B, 0xFD, 0xFF, 0x7D, 0xFF, 0xCF, 0x7F,
    0x48, 0x03, 0x83, 0x7B, 0xD6, 0x96, 0x5B, 0xDF, 0xF4, 0x0E, 0xE7, 0x42, 0x6F, 0x5F, 0xC0, 0x0F,
    0xF1, 0xC8, 0x19, 0xFF, 0xF0, 0x7C, 0xFF, 0xFF, 0x6E, 0x53, 0x4E, 0x78, 0x7B, 0xD6, 0xCE, 0x13,
    0xDF, 0xF4, 0x26, 0x64, 0x08, 0x0F, 0x1F, 0xF0, 0x30, 0xF1, 0xD0, 0x00, 0x0C, 0x00, 0x4C, 0xFF,
    0xFE, 0x5E, 0x47, 0x4C, 0xFE, 0x7B, 0xD6, 0xCF, 0x91, 0xDF, 0xF4, 0xB3, 0x64, 0x04, 0x0E, 0x3E,
    0x00, 0x03, 0xF1, 0xC0, 0x80, 0x08, 0x00, 0x04, 0xFF, 0xFE, 0x3E, 0x4F, 0x03, 0xFC, 0x7B, 0xD2,
    0x4F, 0xB4, 0x18, 0x74, 0x7D, 0x25, 0x06, 0x08, 0x3F, 0xFC, 0x7F, 0xF8, 0x61, 0x03, 0xC1, 0xC6,
    0xF0, 0xFF, 0xFC, 0x1E, 0x4F, 0x07, 0xF8, 0x7B, 0xD2, 0x4F, 0x27, 0xC0, 0x00, 0x7C, 0xA5, 0x43,
    0x92, 0x7F, 0xF8, 0x3F, 0xFC, 0x03, 0x43, 0xC1, 0xCC, 0xF8, 0x7F, 0xFC, 0x7E, 0x9F, 0x07, 0x00,
    0x7B, 0xD0, 0x6E, 0x63, 0xF1, 0x00, 0x7E, 0x25, 0x40, 0x01, 0xFF, 0xF0, 0x3F, 0xFF, 0x00, 0x0B,
    0xC8, 0xCC, 0xF8, 0x7F, 0xF9, 0xFC, 0xBF, 0x00, 0x3F, 0x3B, 0x50, 0x6C, 0x00, 0xF1, 0x8F, 0x7E,
    0x25, 0x50, 0x83, 0xFF, 0xF4, 0x5F, 0xFF, 0x80, 0x0B, 0xC8, 0xC0, 0xFC, 0x7F, 0xF3, 0xFC, 0xBF,
    0x10, 0x00, 0x9B, 0x50, 0x60, 0x2E, 0x01, 0x9F, 0x7E, 0x04, 0x5F, 0x87, 0xFF, 0xEC, 0x4F, 0xFF,
    0xC2, 0xC9, 0xC8, 0x00, 0xFC, 0x7F, 0xE7, 0xFC, 0x7E, 0x07, 0xB3, 0xEB, 0x54, 0x20, 0x0F, 0xA0,
    0x00, 0x7F, 0x0C, 0x99, 0xEF, 0xFF, 0xDC, 0x6F, 0xFF, 0xC2, 0xED, 0xCD, 0x81, 0xFC, 0x3F, 0xCF,
    0xFC, 0x3E, 0x07, 0xB7, 0x73, 0x51, 0x24, 0x1F, 0xB8, 0x18, 0x3F, 0x0C, 0x9F, 0xEF, 0xFF, 0xD8,
    0x37, 0xFF, 0xC2, 0xED, 0xCD, 0x89, 0xF9, 0x1F, 0x1F, 0xF8, 0x1E, 0x07, 0xA7, 0x33, 0x50, 0x26,
    0x1F, 0x7F, 0xFB, 0xBF, 0x8C, 0x9F, 0xEF, 0xFF, 0xB8, 0x37, 0xFF, 0xC2, 0xE5, 0xCD, 0x81, 0xF8,
    0x80, 0x3F, 0xE0, 0x0E, 0x06, 0xA7, 0x9B, 0xC2, 0xB0, 0xBF, 0x7F, 0xFD, 0xBF, 0x8C, 0xBF, 0xCF,
    0xFF, 0x79, 0x3B, 0xFF, 0xC2, 0xE5, 0xCD, 0x80, 0xF9, 0xB2, 0xFF, 0xC0, 0x00, 0x22, 0xE7, 0xCB,
    0xCA, 0x30, 0x3F, 0x7F, 0xFD, 0x9F, 0x84, 0xBF, 0xEF, 0xFF, 0xFB, 0xBF, 0xFF, 0xCC, 0xE4, 0xCD,
    0xC0, 0x01, 0x71, 0xFF, 0x90, 0x60, 0xA0, 0x00, 0xE3, 0xC8, 0x30, 0x7F, 0x7F, 0xED, 0xDF, 0x85,
    0xBC, 0xEF, 0xFF, 0xF3, 0xBF, 0xFF, 0xCC, 0xE6, 0xCD, 0xC8, 0x53, 0xF3, 0xFF, 0x18, 0x74, 0xA0,
    0x40, 0xF3, 0xC0, 0x10, 0x7F, 0x7F, 0xCD, 0xDF, 0x65, 0xBC, 0xE7, 0xFF, 0xF3, 0x9F, 0xFF, 0xC0,
    0xF6, 0xCD, 0xC8, 0x79, 0xC0, 0xFC, 0x68, 0x77, 0xBF, 0xC4, 0xF9, 0xD0, 0x12, 0x7E, 0x77, 0xDC,
    0xCC, 0xE5, 0xBC, 0xE7, 0xFF, 0xF3, 0x9F, 0xFF, 0xC0, 0xF6, 0xCD, 0xD9, 0x80, 0x1E, 0x78, 0xE8,
    0xD7, 0xBF, 0xC6, 0xF9, 0xD6, 0x10, 0xFE, 0x7B, 0xBE, 0xE1, 0xE5, 0xB8, 0x27, 0xFF, 0xF7, 0x9F,
    0xFF, 0xC4, 0xF6, 0xCD, 0xC8, 0x30, 0x3E, 0x73, 0xEC, 0x87, 0xBF, 0xC2, 0x03, 0xD4, 0x50, 0xFE,
    0x7D, 0x3E, 0xE7, 0xC9, 0xBC, 0x67, 0xFF, 0xE7, 0xDF, 0xFF, 0xCC, 0xF6, 0xCD, 0xC0, 0xE0, 0x1C,
    0x00, 0xFC, 0x47, 0xBB, 0xC2, 0x03, 0x90, 0x19, 0xFC, 0xFF, 0x7E, 0x67, 0x33, 0x28, 0xE7, 0xFF,
    0xE0, 0x0F, 0xFF, 0xCC, 0xF6, 0x4D, 0x88, 0x8F, 0xDF, 0x03, 0xFD, 0xEF, 0x07, 0xC8, 0xF9, 0xB0,
    0x09, 0xFC, 0xFF, 0xFE, 0x74, 0x73, 0x30, 0xEF, 0xFF, 0xE0, 0x4F, 0xFF, 0xED, 0xF7, 0x4D, 0x38,
    0x0F, 0xEF, 0x3F, 0xFD, 0xEE, 0x3F, 0x8A, 0x01, 0xA0, 0x09, 0xFC, 0xFF, 0xFE, 0x70, 0xF9, 0x25,
    0xCF, 0xFF, 0xF1, 0xCF, 0xFD, 0xE5, 0xF7, 0x4C, 0x7C, 0x07, 0xE7, 0x7F, 0xF9, 0xEF, 0x7F, 0x0A,
    0x0B, 0xA0, 0x09, 0xFC, 0xFF, 0xFE, 0x73, 0x59, 0x1C, 0xEE, 0x1F, 0xF7, 0xCF, 0xF0, 0x6D, 0xF3,
    0x09, 0xFE, 0x0B, 0xC2, 0x7F, 0xFB, 0xE0, 0x1E, 0x4A, 0xFB, 0x20, 0x09, 0xF8, 0xFF, 0xFE, 0x3B,
    0x01, 0x3C, 0xE0, 0x0F, 0xF7, 0xDF, 0xE4, 0x0D, 0xF3, 0x03, 0xFE, 0x14, 0x00, 0xFF, 0xF3, 0xE0,
    0x00, 0xCC, 0xFB, 0x60, 0x0D, 0xF8, 0xFF, 0xFE, 0x39, 0x85, 0x3C, 0xE0, 0x42, 0x67, 0xCC, 0x81,
    0x09, 0xF3, 0x8F, 0xFE, 0x28, 0xF9, 0xFF, 0xF0, 0x20, 0x43, 0xCC, 0xE2, 0x40, 0x0D, 0xF8, 0xFF,
    0xFE, 0x39, 0x81, 0x3C, 0xE3, 0x60, 0xCF, 0x2E, 0x0D, 0xC9, 0xF3, 0x9F, 0xFE, 0x03, 0xFF, 0xFF,
    0xE1, 0x08, 0x03, 0xDC, 0xF8, 0xC0, 0x25, 0xF8, 0xFF, 0xFF, 0x39, 0x83, 0x3C, 0xCF, 0xF8, 0x1F,
    0x44, 0x1E, 0xE9, 0xF3, 0x3F, 0xE0, 0x0F, 0xFF, 0xFF, 0xE5, 0x8E, 0x00, 0xDE, 0xF8, 0xC0, 0x24,
    0xF8, 0xFF, 0xFF, 0x32, 0x27, 0x3C, 0xCE, 0xFC, 0x88, 0x10, 0x7E, 0xE3, 0xFA, 0x7F, 0xFE, 0x7F,
    0xFF, 0xFF, 0xCD, 0x06, 0x7E, 0xDE, 0xF8, 0xC0, 0xB4, 0x30, 0xFF, 0xFF, 0x02, 0x43, 0x7C, 0xDE,
    0xFE, 0x18, 0x10, 0xFE, 0xE1, 0xDA, 0xFF, 0xF1, 0xFF, 0xFF, 0xFF, 0xC1, 0x10, 0x5E, 0x5E, 0xF8,
    0xC0, 0xB6, 0x00, 0xFF, 0xFE, 0x00, 0x0B, 0x7C, 0xCE, 0xFE, 0x1E, 0x70, 0xFF, 0xF1, 0xB9, 0xFF,
    0xFF, 0xFF, 0xFF, 0xFF, 0x80, 0x1C, 0x2E, 0x00, 0x01, 0xC0, 0xA6, 0x20, 0x3F, 0xE0, 0x00, 0x0B,
    0x7E, 0xD7, 0xFE, 0x03, 0xF0, 0xFF, 0xF0, 0x39, 0xFF, 0xFF, 0xFF, 0xFF, 0xFE, 0x7C, 0x24, 0x10,
    0x0C, 0xF9, 0xC0, 0xA2, 0x3F, 0x00, 0x07, 0x00, 0x0A, 0x1E, 0xCF, 0x86, 0x03, 0xF0, 0xFF, 0xE0,
    0x3B, 0xFF, 0xFF, 0xFF, 0xFF, 0xFC, 0x3F, 0xF0, 0x87, 0x0E, 0xFB, 0xC0, 0x22, 0x0F, 0xC0, 0xFE,
    0x70, 0x08, 0x1E, 0x8E, 0xFE, 0x03, 0xF0, 0xFF, 0x60, 0x7B, 0xFF, 0xFF, 0xFF, 0xFF, 0xF8, 0x9F,
    0xF3, 0xFF, 0xEC, 0xFB, 0x80, 0x22, 0x20, 0x00, 0x00, 0x70, 0x00, 0x7E, 0x8E, 0xFC, 0x1B, 0xF0,
    0x7F, 0x6C, 0xFB, 0xFF, 0xFF, 0xFF, 0xFF, 0xF1, 0xCF, 0xC0, 0x7F, 0xEC, 0x03, 0x80, 0x2B, 0x3F,
    0xC0, 0xFF, 0x52, 0x04, 0x3E, 0x86, 0xFC, 0x3C, 0xF8, 0x7F, 0xCC, 0xDB, 0xFF, 0xFF, 0xFF, 0xFF,
    0x67, 0xF7, 0xC7, 0x3F, 0xEC, 0xF7, 0x80, 0x09, 0x3F, 0xC0, 0xFE, 0x06, 0x04, 0x1E, 0x42, 0xF8,
    0xBC, 0xFA, 0x3E, 0x86, 0xC3, 0xFF, 0xFF, 0xFF, 0xEA, 0x6F, 0xF3, 0xDF, 0x9F, 0xEC, 0xC7, 0x80,
    0x09, 0x3F, 0xC0, 0xFE, 0x06, 0x04, 0x7F, 0xD1, 0xC0, 0x9F, 0x72, 0x06, 0x17, 0xE3, 0xFF, 0xFF,
    0xFF, 0xF2, 0xCF, 0xFB, 0x9F, 0xCF, 0xED, 0x07, 0xA0, 0x19, 0x3F, 0x80, 0xFE, 0x16, 0x04, 0x7F,
    0x98, 0x23, 0x98, 0x73, 0x88, 0x37, 0xF3, 0xFB, 0xFF, 0xFF, 0xF2, 0x8F, 0xFD, 0xBF, 0xE7, 0xED,
    0xE7, 0xA0, 0x1D, 0x3F, 0x80, 0x7E, 0x96, 0x04, 0x7F, 0x9C, 0x0F, 0x81, 0x73, 0xE0, 0x73, 0xF3,
    0xFB, 0xFF, 0xFF, 0xFA, 0x0F, 0xF1, 0xBF, 0xE7, 0xCD, 0xEF, 0xA0, 0x9D, 0x1F, 0x80, 0x7E, 0xE6,
    0x06, 0x7F, 0x8E, 0x7D, 0x80, 0xF1, 0x7C, 0xE3, 0xF3, 0xFB, 0xFD, 0xFF, 0xFA, 0x0F, 0xC0, 0x3F,
    0xE3, 0x0D, 0xEF, 0x80, 0x9D, 0x9F, 0x80, 0x7E, 0x42, 0x06, 0x7F, 0xA3, 0xFA, 0x00, 0x70, 0x9F,
    0xCB, 0xF3, 0xFB, 0xFB, 0xFF, 0xF8, 0x8F, 0xC0, 0x3F, 0x80, 0x20, 0xCF, 0x80, 0x1D, 0xBF, 0x00,
    0x7E, 0x2C, 0x06, 0x7F, 0xB8, 0x00, 0x8C, 0x72, 0x00, 0x1B, 0xF3, 0xFB, 0xFB, 0xFF, 0xFC, 0x2F,
    0xC0, 0x9F, 0x80, 0x00, 0xDF, 0x80, 0x1C, 0xBF, 0x00, 0x7C, 0x00, 0x06, 0x7F, 0x3C, 0x1F, 0x85,
    0x73, 0xF8, 0x7B, 0xF7, 0xFD, 0xFB, 0xFF, 0xFC, 0xEF, 0xC8, 0x1F, 0xB8, 0xFD, 0xDF, 0x00, 0x5C,
    0xBF, 0x00, 0x7C, 0x04, 0x06, 0x3F, 0x3C, 0x7F, 0x82, 0x73, 0xFE, 0x39, 0xF7, 0xFD, 0xFB, 0xFF,
    0xFC, 0xE7, 0xEF, 0x9F, 0x9E, 0xFD, 0xDF, 0x00, 0x0E, 0xBE, 0x00, 0x7C, 0x80, 0x07, 0x7F, 0x78,
    0x7F, 0x83, 0x73, 0xFC, 0x38, 0xE7, 0xFD, 0xFB, 0xFF, 0xFE, 0x07, 0xEF, 0xDF, 0xC0, 0x7C, 0x1F,
    0x00, 0x0A, 0x9E, 0x00, 0x7A, 0x90, 0x07, 0x7F, 0x78, 0x7F, 0xDF, 0xF7, 0xFC, 0x3D, 0xE7, 0xFD,
    0xF3, 0xFF, 0xFE, 0x07, 0xC7, 0xDF, 0xC0, 0x00, 0x1F, 0x00, 0x02, 0x5C, 0x00, 0x7E, 0x80, 0x07,
    0x6F, 0x78, 0x7F, 0xDF, 0xF7, 0xFD, 0x1C, 0xE6, 0xFC, 0xF7, 0xFF, 0xFE, 0xE0, 0x23, 0xDF, 0x8F,
    0xFC, 0xBF, 0x00, 0x02, 0x5E, 0x00, 0x7E, 0x80, 0x07, 0x4F, 0x31, 0x7F, 0xDF, 0xF7, 0xFD, 0x5D,
    0xC6, 0xFE, 0xF7, 0xFF, 0xFE, 0x37, 0xE0, 0x0F, 0x0F, 0xFD, 0xBF, 0x00, 0x06, 0x5E, 0x00, 0x7E,
    0x80, 0x07, 0x07, 0x91, 0x3F, 0x1F, 0xF1, 0xFD, 0x59, 0x86, 0xFE, 0xF7, 0xFF, 0xFE, 0x07, 0xEC,
    0x00, 0x4F, 0xFD, 0xBF, 0x00, 0x00, 0x4C, 0x00, 0x7E, 0x83, 0x07, 0x03, 0xC5, 0xB8, 0x1F, 0xFC,
    0x39, 0x43, 0x0E, 0xFE, 0xF7, 0xFF, 0xFF, 0x77, 0xC7, 0xCF, 0xC0, 0x7C, 0x3F, 0x00, 0x00, 0x4C,
    0x00, 0x7E, 0x17, 0x07, 0x38, 0x45, 0x80, 0x0F, 0xFC, 0x03, 0x66, 0x4C, 0xFE, 0x77, 0xFF, 0xFF,
    0x77, 0xC0, 0x0F, 0xC0, 0x00, 0x3F, 0x02, 0x00, 0x6C, 0x00, 0x7E, 0x1B, 0x07, 0x32, 0x0D, 0x8C,
    0xFF, 0xFE, 0x73, 0x60, 0x0D, 0xFF, 0x77, 0xFF, 0xFF, 0x77, 0xC1, 0x0F, 0xDF, 0xC0, 0x7F, 0x7C,
    0x00, 0x2C, 0x00, 0x7E, 0x0C, 0x07, 0x3F, 0xCD, 0xFC, 0x3F, 0xDE, 0x7F, 0x67, 0xDD, 0xFF, 0x77,
    0xFD, 0xFF, 0x33, 0xC1, 0xAF, 0xC0, 0x0F, 0x7F, 0x02, 0x02, 0x2C, 0x00, 0x7E, 0x70, 0x07, 0xBF,
    0xED, 0xFC, 0x00, 0x40, 0x7F, 0x68, 0x1D, 0xFF, 0x6F, 0xFD, 0xFF, 0x3B, 0xD0, 0x07, 0xD0, 0x00,
    0x7F, 0x70, 0x00, 0xAD, 0xE0, 0x7E, 0x03, 0xC7, 0xBF, 0xED, 0xF9, 0xF8, 0x0F, 0x3F, 0x6F, 0xDD,
    0xFF, 0xAF, 0xFF, 0xFF, 0x83, 0xD2, 0x07, 0xDE, 0xA0, 0x7F, 0x1E, 0x00, 0xA0, 0xE0, 0x7E, 0x0F,
    0xF7, 0xBF, 0xED, 0xFB, 0xFF, 0xFF, 0xBF, 0x6F, 0xDD, 0xFF, 0xAF, 0xFE, 0xFF, 0xBB, 0xC0, 0x87,
    0x9F, 0xB8, 0x7F, 0x7F, 0x00, 0xB0, 0x40, 0x3E, 0x3F, 0xF7, 0xBF, 0xED, 0xFB, 0xFF, 0xFF, 0xBF,
    0x6F, 0x9D, 0xFF, 0xAF, 0xFE, 0xFF, 0x9B, 0xC0, 0x07, 0x83, 0xB8, 0x3F, 0x7F, 0xF0, 0x30, 0x00,
    0x84, 0xBF, 0xF7, 0xBF, 0xED, 0xFB, 0xFF, 0xFF, 0xBF, 0x2F, 0x9D, 0xFF, 0xEF, 0xFE, 0xFF, 0x81,
    0xC0, 0x07, 0x80, 0x38, 0x9F, 0x3F, 0xF3, 0x10, 0x00, 0xF1, 0xBF, 0xF7, 0x3F, 0xED, 0xFB, 0xFF,
    0xFF, 0xBF, 0xAF, 0xB9, 0xFF, 0xEF, 0xFE, 0xFF, 0xD6, 0x80, 0x07, 0x90, 0x38, 0xCF, 0x70, 0x03,
    0xD6, 0x00, 0xF9, 0xBF, 0xF7, 0x7F, 0xCB, 0xFB, 0xFF, 0xFF, 0xBF, 0xA7, 0xB9, 0xFF, 0xEF, 0xFE,
    0xFF, 0xC2, 0x20, 0x00, 0x83, 0x78, 0xE7, 0x60, 0xF3, 0xD2, 0xFE, 0xF8, 0xBF, 0xF6, 0x7F, 0xDB,
    0xFB, 0xFF, 0xFF, 0xBF, 0xF7, 0xB9, 0xFF, 0xFF, 0xFE, 0xFF, 0xC0, 0xE1, 0x86, 0x01, 0x7E, 0xF3,
    0x1F, 0xF3, 0xD2, 0xFE, 0x78, 0x3F, 0xE4, 0xFF, 0x81, 0xFB, 0xFF, 0xFF, 0xBF, 0x03, 0xBB, 0xFF,
    0xFF, 0xFE, 0x7F, 0xCD, 0xE0, 0x87, 0x20, 0x7E, 0x81, 0x3F, 0x1C, 0x88, 0xFF, 0x02, 0x7F, 0xE5,
    0xFF, 0x86, 0x7B, 0xFF, 0xFF, 0xBE, 0x43, 0x3B, 0xFF, 0xFF, 0xFF, 0x7F, 0x81, 0xC4, 0x00, 0x68,
    0x7E, 0x3C, 0x20, 0xFC, 0x09, 0xFF, 0x66, 0xFF, 0xE3, 0xFF, 0x81, 0x33, 0xFF, 0xFF, 0x99, 0x03,
    0x7B, 0xFF, 0xFF, 0xFF, 0x7F, 0x33, 0x85, 0x8C, 0xE3, 0x0C, 0xFC, 0x3F, 0xFD, 0xAB, 0xFF, 0x7E,
    0xFF, 0xE7, 0xFF, 0xAE, 0x03, 0xFF, 0xFF, 0x80, 0xEB, 0x7B, 0xFF, 0xFF, 0xFF, 0x7E, 0x7E, 0x1D,
    0xC0, 0xCC, 0x38, 0xC7, 0xFF, 0xFC, 0xEB, 0xFF, 0x3E, 0xFF, 0xFF, 0xFF, 0x6F, 0x0B, 0xFF, 0xFF,
    0xA1, 0xED, 0x7B, 0xFF, 0xFF, 0xFF, 0x7E, 0xFE, 0x78, 0x19, 0x8F, 0xB8, 0xFF, 0xFF, 0xFC, 0xE9,
    0xFF, 0x3E, 0xFF, 0xFF, 0xFE, 0x1F, 0x8B, 0xFF, 0xFF, 0xAB, 0xF0, 0x1B, 0xFF, 0xFF, 0xFF, 0x7E,
    0xF8, 0xFD, 0xBE, 0x9F, 0xBE, 0xFF, 0xFF, 0xFC, 0xE9, 0xFF, 0x70, 0x7F, 0xFF, 0xFC, 0x47, 0xCB,
    0xFF, 0xFF, 0xB3, 0xE0, 0x4B, 0xFF, 0xFF, 0xFF, 0x7E, 0x00, 0x05, 0x7F, 0xBF, 0x3E, 0xFF, 0xFF,
    0xFD, 0x85, 0xFF, 0x38, 0x7F, 0xFF, 0xF9, 0xBB, 0xDB, 0xFF, 0xFF, 0xB7, 0x9D, 0x23, 0xFF, 0xFF,
    0xFF, 0x7E, 0x02, 0x00, 0x7F, 0x00, 0x1E, 0xFF, 0xFF, 0xFC, 0x85, 0xFF, 0x36, 0x7F, 0xFF, 0xE6,
    0x7D, 0xC3, 0xFF, 0xFF, 0x87, 0x3E, 0xDB, 0xFF, 0xFF, 0xFF, 0x7F, 0xEB, 0xF0, 0x7E, 0x00, 0x08,
    0xFF, 0xFF, 0xFC, 0xF1, 0xFF, 0x7F, 0x7F, 0xFF, 0xCD, 0xFE, 0x8B, 0xFF, 0xFF, 0x82, 0x7F, 0x6B,
    0xFF, 0xFF, 0xFF, 0xBF, 0xE8, 0x7F, 0x38, 0x07, 0x70, 0xFF, 0xFF, 0xFD, 0xF0, 0xFF, 0x7F, 0xBF,
    0xFF, 0xDB, 0xFE, 0x03, 0xFF, 0xFF, 0x88, 0xFF, 0xB1, 0xFF, 0xFF, 0xFF, 0xBF, 0xC0, 0xFF, 0x00,
    0x03, 0x78, 0xFF, 0xFF, 0xFD, 0xF2, 0xFF, 0x7E, 0x1F, 0xFF, 0xDB, 0xFE, 0x0F, 0xFF, 0xFF, 0xE0,
    0xFF, 0xF6, 0x3F, 0xFF, 0xFF, 0xFF, 0x18, 0x3F, 0xC3, 0x80, 0x78, 0xFF, 0xFF, 0xFD, 0x82, 0xFF,
    0x1D, 0xE7, 0xFF, 0xDF, 0xFC, 0x7F, 0xFF, 0xFF, 0xFC, 0x7F, 0xD7, 0x80, 0x3F, 0xFF, 0xC0, 0x7F,
    0x81, 0xF9, 0xF8, 0x79, 0xFF, 0xFF, 0xFC, 0x72, 0x7F, 0x0F, 0xF7, 0xFF, 0x83, 0x80, 0xFF, 0xFF,
    0xFF, 0xFC, 0x03, 0x87, 0xFD, 0x8F, 0xFF, 0x07, 0xFF, 0xFC, 0x0D, 0xE0, 0x78, 0xFF, 0xFF, 0xFD,
    0xF2, 0x7F, 0x87, 0xF3, 0xFF, 0xC8, 0x31, 0xFF, 0xFF, 0xFF, 0xFF, 0x10, 0x27, 0xF9, 0xE1, 0xFE,
    0x3F, 0xFF, 0xFF, 0xC0, 0x3F, 0x78, 0xFF, 0xFF, 0xFD, 0xF3, 0x7F, 0xF1, 0xF3, 0xFF, 0xE0, 0x07,
    0xFF, 0xFF, 0xFF, 0xFF, 0xC0, 0x0F, 0xF3, 0x88, 0x00, 0x3F, 0xFF, 0xFF, 0xFC, 0x07, 0x78, 0xFF,
    0xFF, 0xFD, 0xFA, 0x7F, 0xF0, 0x03, 0xFF, 0xFF, 0xFF, 0xFF, 0xFF, 0xFF, 0xFF, 0xFF, 0xFF, 0xE1,
    0x31, 0xE7, 0x7F, 0xFF, 0xFF, 0xFF, 0xC1, 0x79, 0xFF, 0xFF, 0xFC, 0x00, 0x7F, 0xFC, 0x07, 0xFF,
    0xFF, 0xFF, 0xFF, 0xFF, 0xFF, 0xFF, 0xFF, 0xFF, 0xCC, 0xE3, 0xCC, 0x7F, 0xFF, 0xFF, 0xFF, 0xFC,
    0x79, 0xFF, 0xFF, 0xFE, 0x00, 0x7F, 0xFF, 0xFF, 0xFF, 0xFF, 0xFF, 0xFF, 0xFF, 0xFF, 0xFF, 0xFF,
    0xFF, 0x3F, 0xC0, 0x18, 0x7F, 0xFF, 0xFF, 0xFF, 0xFF, 0x3A, 0xFF, 0xFF, 0xFF, 0xFD, 0x7F, 0xFF,
    0xFF, 0xFF, 0xFF, 0xFF, 0xFF, 0xFF, 0xFF, 0xFF, 0xFF, 0xFF, 0x7F, 0x8E, 0x70, 0xFF, 0xFF, 0xFF,
    0xFF, 0xFF, 0x00, 0xFF, 0xFF, 0xFF, 0xFC, 0x7F, 0xFF, 0xFF, 0xFF, 0xFF, 0xFF, 0xFF, 0xFF, 0xFF,
    0xFF, 0xFF, 0xFF, 0x7E, 0x1F, 0xE0, 0xFF, 0xFF, 0xFF, 0xFF, 0xFF, 0xB2, 0xFF, 0xFF, 0xFF, 0xFF,
    0xFF, 0xFF, 0xFF, 0xFF, 0xFF, 0xFF, 0xFF, 0xFF, 0xFF, 0xFF, 0xFF, 0xFF, 0x00, 0x3F, 0xEF, 0xFF,
    0xFF, 0xFF, 0xFF, 0xFF, 0xB6, 0xFF, 0xFF, 0xFF, 0xFF, 0xFF, 0xFF, 0xFF, 0xFF, 0xFF, 0xFF, 0xFF,
    0xFF, 0xFF, 0xFF, 0xFF, 0xFF, 0x01, 0x3F, 0x8F, 0xFF, 0xFF, 0xFF, 0xFF, 0xFF, 0x36, 0xFF, 0xFF,
    0xFF, 0xFF, 0xFF, 0xFF, 0xFF, 0xFF, 0xFF, 0xFF, 0xFF, 0xFF, 0xFF, 0xFF, 0xFF, 0xFF, 0xFF, 0x00,
    0x1F, 0xFF, 0xFF, 0xFF, 0xFF, 0xFF, 0x1C, 0xFF, 0xFF, 0xFF, 0xFF, 0xFF, 0xFF, 0xFF, 0xFF, 0xFF,
    0xFF, 0xFF, 0xFF, 0xFF, 0xFF, 0xFF, 0xFF, 0xFF, 0x80, 0x7F, 0xFF, 0xFF, 0xFF, 0xFF, 0xFF, 0x60,
    0xFF, 0xFF, 0xFF, 0xFF, 0xFF, 0xFF, 0xFF, 0xFF, 0xFF, 0xFF, 0xFF, 0xFF, 0xFF, 0xFF, 0xFF, 0xFF,
    0xFF, 0xE7, 0xFF, 0xFF, 0xFF, 0xFF, 0xFF, 0xFF, 0x78, 0xFF, 0xFF, 0xFF, 0xFF, 0xFF, 0xFF, 0xFF,
    0xFF, 0xFF, 0xFF, 0xFF, 0xFF, 0xFF, 0xFF, 0xFF, 0xFF, 0xFF, 0xFF, 0xFF, 0xFF, 0xFF, 0xFF, 0xFF,
    0xFF, 0x78, 0xFF, 0xFF, 0xFF, 0xFF, 0xFF, 0xFF, 0xFF, 0xFF, 0xFF, 0xFF, 0xFF, 0xFF, 0xFF, 0xFF,
    0xFF, 0xFF, 0xFF, 0xFF, 0xFF, 0xFF, 0xFF, 0xFF, 0xFF, 0xFF, 0x38, 0xFF, 0xFF, 0xFF, 0xFF, 0xFF,
    0xFF, 0xFF, 0xFF, 0xFF, 0xFF, 0xFF, 0xFF, 0xFF, 0xFF, 0xFF, 0xFF, 0xFF, 0xFF, 0xFF, 0xFF, 0xFF,
    0xFF, 0xFF, 0xFF, 0x81, 0xFF, 0xF9, 0xFF, 0xFF, 0xFF, 0xFF, 0xFF, 0xFF, 0xFF, 0xFF, 0xFF, 0xFF,
    0xFF, 0xFF, 0xFF, 0xFF, 0xFF, 0xFF, 0xFF, 0xFF, 0xFF, 0xFF, 0xFF, 0xFF, 0xFF, 0xFF, 0xFF, 0xFF,
    0xFF, 0xFF, 0xFF, 0xFF, 0xFF, 0xFF, 0xFF, 0xFF, 0xFF, 0xFF, 0xFF, 0xFF, 0xFF, 0xFF, 0xFF, 0xFF,
    0xFF, 0xFF, 0xFF, 0xFF, 0xFF, 0xFF, 0xFE, 0x7F, 0xFF, 0xFF, 0xFF, 0xFF, 0xFF, 0xFF, 0xFF, 0xFF,
    0xFF, 0xFF, 0xFF, 0xFF, 0xFF, 0xFF, 0xFF, 0xFF, 0xFF, 0xFF, 0xFF, 0xFF, 0xFF, 0xFF, 0xFF, 0xFF,
    0xFF, 0xFF, 0xFF, 0xFF, 0xFF, 0xFF, 0xFF, 0xFF, 0xFF, 0xFF, 0xFF, 0xFF, 0xFF, 0xFF, 0xFF, 0xFF,
    0xFF, 0xFF, 0xFF, 0xFF, 0xFF, 0xFF, 0xFF, 0xFF,
};

const uint8_t APP_VIDEO_FRAME_05[5000] = {
    0xAF, 0xF4, 0xFF, 0xFF, 0xFF, 0xE0, 0x01, 0xFF, 0x87, 0xFF, 0xFF, 0xC7, 0xFE, 0x7F, 0xFF, 0xFF,
    0xCF, 0xFF, 0xE0, 0x01, 0xFF, 0xFF, 0xFF, 0xFC, 0x00, 0xAF, 0x04, 0xFF, 0xFF, 0xFF, 0xF8, 0x00,
    0x7F, 0xF1, 0xFF, 0xFF, 0xF3, 0xFF, 0x9F, 0xE7, 0x3F, 0xF3, 0xFF, 0x80, 0xFF, 0x1F, 0xF8, 0x7F,
    0x00, 0x01, 0xA0, 0x64, 0xFF, 0xFF, 0xFF, 0xFE, 0x1D, 0x0F, 0xFC, 0x7F, 0xFF, 0xFC, 0x7E, 0x03,
    0xFB, 0xCF, 0xFC, 0xC0, 0x1F, 0xFF, 0xFF, 0xFF, 0x80, 0x00, 0x7F, 0x2C, 0x04, 0xFF, 0xFF, 0xFF,
    0xFF, 0x7D, 0xE3, 0xFF, 0x1F, 0xFF, 0xFF, 0x01, 0xF9, 0xFF, 0xF7, 0xF8, 0x0F, 0xFF, 0xFF, 0xFF,
    0xE0, 0x00, 0x3F, 0xFF, 0xA0, 0x74, 0xFF, 0xFF, 0xFF, 0xFF, 0x4D, 0x40, 0x7F, 0xE3, 0xFF, 0xFF,
    0xC7, 0xFE, 0x7F, 0xBC, 0x01, 0xFF, 0xFF, 0xFF, 0xF0, 0x00, 0x0F, 0xFF, 0xFF, 0x2F, 0xF4, 0xFF,
    0xFF, 0xFF, 0xFF, 0x45, 0x40, 0x1F, 0xF8, 0xFF, 0xFF, 0xF1, 0xFF, 0x8F, 0x00, 0xFF, 0xFF, 0xFF,
    0xF8, 0x00, 0x07, 0xFF, 0xFF, 0xFF, 0xAF, 0xF4, 0xFF, 0xFF, 0x3F, 0xFF, 0x45, 0x46, 0x07, 0xFE,
    0x3F, 0xE7, 0xFE, 0x7F, 0xE0, 0x3F, 0xFF, 0xFF, 0xFE, 0x00, 0x07, 0xFF, 0xFF, 0xFF, 0xFF, 0xAF,
    0xF4, 0xFF, 0xFE, 0xDF, 0xFF, 0x45, 0x47, 0x80, 0xFF, 0x87, 0xF9, 0xFF, 0x00, 0x0F, 0xFF, 0xFF,
    0xFF, 0x00, 0x01, 0xFF, 0xFF, 0xFF, 0xFF, 0xFF, 0xAF, 0xF4, 0xFF, 0xFD, 0xEF, 0xFF, 0x45, 0xC7,
    0xF0, 0x3F, 0xF1, 0xFF, 0x3C, 0x03, 0xFF, 0xFC, 0xFF, 0xC0, 0x00, 0xFF, 0xFF, 0xFF, 0xFF, 0xFF,
    0xFF, 0xAF, 0xF4, 0xFF, 0xFB, 0xF7, 0xFF, 0x75, 0xC7, 0xFC, 0x07, 0xFC, 0x7E, 0x00, 0x7F, 0xFF,
    0xFF, 0xF0, 0x00, 0x3F, 0xFF, 0xFF, 0xFF, 0xFF, 0xFF, 0xFF, 0xAF, 0xF4, 0xFF, 0xF7, 0xFB, 0xFF,
    0x75, 0xC7, 0xFF, 0x80, 0xFF, 0x00, 0x33, 0xFF, 0xFF, 0xF8, 0x00, 0x1F, 0xFF, 0xFF, 0xFF, 0xFF,
    0xFF, 0xFF, 0xFF, 0xAF, 0xF4, 0xFF, 0xE7, 0xFD, 0xFF, 0x75, 0xC7, 0xFB, 0xE0, 0x77, 0x4E, 0x7F,
    0xFF, 0xFE, 0x00, 0x06, 0x7F, 0xFF, 0xFF, 0xFF, 0xFF, 0xFF, 0xFF, 0xFF, 0xAF, 0xF4, 0xFF, 0xEF,
    0xFE, 0xFF, 0x75, 0xC7, 0xF7, 0xFC, 0x0E, 0xCE, 0x7F, 0xFF, 0x00, 0x03, 0xF6, 0x7F, 0xFF, 0xFF,
    0xFF, 0xFF, 0xFF, 0xFF, 0xFF, 0xAF, 0xF4, 0xFF, 0xDF, 0xFF, 0x7F, 0x75, 0xC7, 0xEF, 0xFD, 0x03,
    0x0E, 0x4F, 0xC0, 0x01, 0xF7, 0xF6, 0x7F, 0xFF, 0xFF, 0xFF, 0xFF, 0xFF, 0xFF, 0xFF, 0xAE, 0x04,
    0xFF, 0xBF, 0xFF, 0xBF, 0x75, 0xC7, 0xFF, 0xFF, 0xE0, 0x4E, 0x60, 0x00, 0x3F, 0xFF, 0xF6, 0x7F,
    0xFF, 0xFF, 0xFF, 0xFF, 0xFF, 0xFF, 0xFF, 0x81, 0xF8, 0xFF, 0x7F, 0xFF, 0xDF, 0x75, 0xC7, 0xDF,
    0xFF, 0xF8, 0x00, 0x00, 0x3F, 0xFF, 0xEF, 0xF6, 0x7F, 0xFF, 0xFF, 0xFF, 0xFF, 0xFF, 0xFF, 0xFF,
    0x7F, 0xF8, 0xFE, 0xFF, 0xFF, 0xEF, 0x75, 0xC7, 0xBF, 0xFF, 0xFF, 0x00, 0x07, 0xFF, 0xFF, 0xDF,
    0xF6, 0x7F, 0xFF, 0xFF, 0xFF, 0xFF, 0xFF, 0xFF, 0xFF, 0xFE, 0x00, 0xFD, 0xFF, 0xFF, 0xF7, 0x75,
    0xC7, 0x7F, 0xFF, 0x7E, 0x02, 0x41, 0xFF, 0xFF, 0xFF, 0xF6, 0x7F, 0xFF, 0xFF, 0xFF, 0xFF, 0xFF,
    0xFF, 0xFF, 0xC0, 0x0F, 0xF9, 0xFF, 0xFF, 0xFB, 0x75, 0xC6, 0xFF, 0xFF, 0x7E, 0x7F, 0xFD, 0xFF,
    0xFF, 0xBF, 0xF6, 0x7F, 0xFF, 0xFF, 0xFF, 0xFF, 0xFF, 0xFF, 0xFF, 0x01, 0xFF, 0xF3, 0xFF, 0xFF,
    0xFD, 0x75, 0xC6, 0xFF, 0xFF, 0x78, 0xF7, 0xF8, 0x7F, 0xFF, 0xBF, 0xF6, 0x7F, 0xFF, 0xFF, 0xFF,
    0xFF, 0xFF, 0xFF, 0xFC, 0xFF, 0xFF, 0xE1, 0xFF, 0xFF, 0xFD, 0x75, 0xC6, 0xFF, 0xFF, 0xB9, 0xA3,
    0xEE, 0x7F, 0xFF, 0x7F, 0xF6, 0x7F, 0xFF, 0xFF, 0xFF, 0xFF, 0xFF, 0xFF, 0xF8, 0xFF, 0xFF, 0xEC,
    0xFF, 0xFF, 0xFB, 0x75, 0xE6, 0xFF, 0xFF, 0xD3, 0xAF, 0xF6, 0x7F, 0xFF, 0xFF, 0xF6, 0x7F, 0xFF,
    0xFF, 0xFF, 0xFF, 0xFF, 0xFF, 0xF8, 0xFF, 0xFF, 0xDC, 0x7F, 0xFF, 0xF3, 0x75, 0xE5, 0xFF, 0xFF,
    0xE3, 0x2F, 0xE7, 0x3F, 0xFF, 0xFF, 0xF6, 0x7F, 0xFF, 0xFF, 0xFF, 0xFF, 0xE0, 0x0F, 0x80, 0xFF,
    0xFF, 0xB6, 0x7F, 0xFF, 0xF7, 0x75, 0xE3, 0xFF, 0xFF, 0xE3, 0x3F, 0xFF, 0x3F, 0xFB, 0xFF, 0xF6,
    0x7F, 0xFF, 0xFF, 0xFF, 0xE0, 0x0F, 0x8E, 0x00, 0xFF, 0xFF, 0x63, 0x3F, 0xFF, 0xEF, 0x75, 0xE7,
    0xFF, 0xFF, 0xE3, 0xA5, 0x83, 0x3F, 0xFB, 0xFF, 0xF6, 0x7F, 0xFF, 0xFF, 0xC0, 0x07, 0xFF, 0x48,
    0x03, 0xFF, 0xFE, 0xC5, 0x8F, 0xFF, 0xDF, 0x7D, 0xE7, 0xFF, 0xFF, 0xF3, 0x00, 0x03, 0x3F, 0xFF,
    0xFF, 0xF6, 0x7F, 0xFF, 0x80, 0x1F, 0xFF, 0xFE, 0xC0, 0x7C, 0xFF, 0xFC, 0x8E, 0xCF, 0xFF, 0xBF,
    0x7D, 0xE7, 0xFF, 0xFF, 0xF2, 0x00, 0x01, 0x3F, 0xE7, 0xFF, 0xF6, 0x7F, 0xC0, 0x3F, 0xFF, 0xFF,
    0x80, 0xCA, 0xFE, 0xFF, 0xFD, 0x9E, 0x67, 0xFF, 0x7F, 0x7D, 0xE7, 0xFF, 0xFF, 0xF2, 0x00, 0x41,
    0x3F, 0xDF, 0xFF, 0xF6, 0x00, 0x1F, 0xFF, 0xFF, 0x00, 0x00, 0xC6, 0xFB, 0xFF, 0xFB, 0x3F, 0x33,
    0xFE, 0xFF, 0x7D, 0xE7, 0xFF, 0xFF, 0xF2, 0x3D, 0x61, 0x3F, 0xBF, 0xFF, 0xF6, 0x3F, 0xFF, 0xFF,
    0x00, 0x07, 0xFE, 0xBE, 0x7D, 0xFF, 0xF6, 0x3F, 0x99, 0xFD, 0xFF, 0x7D, 0xE7, 0xFF, 0xFF, 0xF0,
    0x03, 0x00, 0x7F, 0x7F, 0xFF, 0xF5, 0xFF, 0xFE, 0x00, 0x03, 0xFF, 0xFE, 0xBD, 0x1D, 0xFF, 0xEC,
    0xFF, 0xCC, 0xFB, 0xFF, 0x7D, 0xE7, 0xFF, 0xFF, 0xF8, 0x83, 0x04, 0x7E, 0xFF, 0xFF, 0xF3, 0xF0,
    0x00, 0x0F, 0xFF, 0xFF, 0xFE, 0x61, 0x1E, 0xFF, 0xC8, 0xFF, 0xE6, 0x77, 0xFF, 0x7D, 0xF7, 0xFF,
    0xFF, 0xF8, 0x83, 0x84, 0x7D, 0xFF, 0xFF, 0xF0, 0x00, 0x1F, 0xFF, 0xFF, 0xFF, 0xFE, 0x63, 0x8A,
    0xFF, 0x91, 0xFF, 0xF3, 0x2F, 0xFF, 0x7D, 0xE7, 0xFF, 0xFF, 0xF8, 0xDF, 0xEC, 0x7F, 0xFF, 0xFF,
    0xF0, 0x1F, 0xFF, 0xFF, 0xFF, 0xFF, 0xFE, 0x47, 0xC1, 0xE7, 0xB3, 0xFF, 0xFB, 0x9F, 0xFF, 0x7D,
    0xE7, 0xFF, 0xFF, 0xF8, 0xFF, 0xFC, 0x7F, 0xFF, 0xFF, 0xFF, 0xFF, 0xFF, 0xFF, 0xFF, 0xFF, 0xFE,
    0x47, 0xE0, 0xC1, 0x33, 0xFF, 0xFB, 0x1F, 0xFF, 0x7D, 0xE7, 0xFF, 0xFF, 0xF8, 0xFF, 0xFC, 0xFF,
    0xFF, 0xFF, 0xFF, 0xFF, 0xFF, 0xFF, 0xFF, 0xFF, 0xFE, 0x41, 0xC0, 0x8C, 0xB1, 0xFF, 0xF6, 0x3F,
    0xFF, 0x7D, 0xE7, 0xFF, 0xFF, 0xFC, 0xFD, 0xF8, 0xFF, 0xFF, 0xFF, 0xFF, 0xFF, 0xFF, 0xFF, 0xFF,
    0xFF, 0xFE, 0x41, 0xC0, 0xB8, 0x59, 0xFF, 0xEC, 0x7F, 0xFF, 0x7D, 0xE7, 0xFF, 0xFF, 0xFE, 0x7C,
    0xF9, 0xFF, 0xFF, 0xFF, 0xFF, 0xFF, 0xFF, 0xFF, 0xFF, 0xFF, 0xFE, 0x50, 0xC0, 0x73, 0x0C, 0xFF,
    0xCC, 0xFF, 0xFF, 0x7D, 0xE7, 0xFF, 0xFF, 0xFE, 0x7F, 0xF9, 0xFF, 0xFF, 0xFF, 0xFF, 0xFF, 0xFF,
    0xFF, 0xFF, 0xFF, 0xFE, 0x00, 0x20, 0x0C, 0xC6, 0x7F, 0x99, 0xFF, 0xFF, 0x7D, 0xE7, 0xFF, 0xFF,
    0xFE, 0x38, 0x71, 0xFF, 0xFF, 0xFF, 0xFF, 0xFF, 0xFF, 0xFF, 0xFF, 0xFF, 0xFE, 0x00, 0x10, 0x5F,
    0x63, 0x3F, 0xB3, 0xFF, 0xFF, 0x7D, 0xE7, 0xFF, 0xFF, 0xFE, 0x3C, 0xF1, 0xFF, 0xFF, 0xFF, 0xFF,
    0xFF, 0xFF, 0xFF, 0xFF, 0xFF, 0xFE, 0x08, 0xDE, 0x3B, 0xF1, 0x9E, 0x63, 0xFF, 0xFF, 0x7D, 0xE7,
    0xFF, 0xFF, 0xE0, 0x5F, 0xE8, 0x0F, 0xFF, 0xFF, 0xFF, 0xFF, 0xFF, 0xFF, 0xFF, 0xFF, 0xFE, 0x80,
    0xE1, 0x64, 0xE0, 0xCE, 0xCF, 0xFF, 0xFF, 0x7D, 0xE7, 0xFF, 0xFF, 0xCC, 0x4F, 0xC8, 0xEF, 0xFF,
    0xFF, 0xFF, 0xFF, 0xFF, 0xFF, 0xFF, 0xFF, 0xFE, 0xA6, 0xFF, 0x60, 0x22, 0x65, 0x8F, 0xFF, 0xFF,
    0x7D, 0xE7, 0xFF, 0xFF, 0xD0, 0x43, 0x80, 0x37, 0xFF, 0xFF, 0xFF, 0xFF, 0xFF, 0xFF, 0xFF, 0xFF,
    0xFE, 0xAE, 0x7F, 0xC7, 0x07, 0x33, 0x1F, 0xFF, 0xFF, 0x7D, 0xE7, 0xFF, 0xFE, 0x18, 0x00, 0x00,
    0x30, 0xFF, 0xFF, 0xFF, 0xFF, 0xFF, 0xFF, 0xFF, 0xFF, 0xFE, 0xA7, 0xFF, 0x8F, 0x8F, 0xB6, 0x3F,
    0xFF, 0xFF, 0x7D, 0xE7, 0xFF, 0xE1, 0xB9, 0x00, 0x86, 0x7A, 0x1F, 0xFF, 0xFF, 0xFF, 0xFF, 0xFF,
    0xFF, 0xFF, 0xFE, 0xA7, 0x0F, 0x98, 0xFF, 0xCC, 0x7F, 0xFF, 0xFF, 0x7D, 0xE7, 0xFF, 0x93, 0x9D,
    0xE4, 0x99, 0xF6, 0x63, 0xFF, 0xFF, 0xFF, 0xFF, 0xFF, 0xFF, 0xFF, 0xFE, 0xA3, 0xFE, 0x18, 0x7F,
    0xEC, 0xF8, 0x1F, 0xFF, 0x7D, 0xE7, 0xFF, 0x3C, 0xCE, 0xE3, 0x93, 0xCC, 0xF9, 0xFF, 0xFF, 0xFF,
    0xFF, 0xFF, 0xFF, 0xFF, 0xFE, 0x81, 0xFC, 0x30, 0x3F, 0xF1, 0xE3, 0xC7, 0xFF, 0x7D, 0xE7, 0xFE,
    0x3E, 0x66, 0x33, 0x0F, 0x99, 0xF1, 0xFF, 0xFF, 0xFF, 0xFF, 0xFF, 0xFF, 0xFF, 0xFE, 0x84, 0xF1,
    0x37, 0x1F, 0xF3, 0xCF, 0xF3, 0xFF, 0x5D, 0xE7, 0xFE, 0x0F, 0x30, 0x00, 0x7E, 0x33, 0xC0, 0xFF,
    0xFF, 0xFF, 0xFF, 0xFF, 0xFF, 0xFF, 0xFE, 0x80, 0x06, 0x73, 0x4F, 0xF5, 0x9F, 0xFC, 0xFF, 0x5D,
    0xE7, 0xFC, 0xE3, 0x80, 0x07, 0xF9, 0x4F, 0x9E, 0x7F, 0xFF, 0xFF, 0xFF, 0xFF, 0xFF, 0xFF, 0xFE,
    0x86, 0x18, 0x68, 0x0F, 0xEE, 0x7F, 0xFE, 0x7F, 0x5D, 0xE7, 0xF3, 0xF8, 0xE3, 0x3F, 0x87, 0x1E,
    0x7F, 0x9F, 0xFF, 0xFF, 0xFF, 0xFF, 0xFF, 0xFF, 0xFE, 0x66, 0x00, 0x63, 0xA7, 0xCC, 0xF7, 0xFF,
    0x3F, 0x7D, 0xE7, 0xE7, 0xFE, 0x22, 0x00, 0x7E, 0x7C, 0xFF, 0xCF, 0xFF, 0xFF, 0xFF, 0xFF, 0xFF,
    0xFF, 0xFE, 0x00, 0x07, 0x6B, 0xA7, 0x91, 0xEF, 0xFF, 0x9F, 0x7D, 0xE7, 0xCF, 0xFE, 0x00, 0x00,
    0x03, 0xF0, 0xFF, 0xE7, 0xFF, 0xFF, 0xFF, 0xFF, 0xFF, 0xFF, 0xFE, 0x00, 0x47, 0x6B, 0xD7, 0xA7,
    0xAF, 0xFF, 0xDF, 0x7D, 0xE7, 0xC3, 0xFE, 0x00, 0x3F, 0x9F, 0xE0, 0xFF, 0x97, 0xFF, 0xFF, 0xFF,
    0xFF, 0xFF, 0xFF, 0xFF, 0xC1, 0x4C, 0x63, 0xD7, 0x6F, 0x87, 0xFF, 0xCF, 0x7D, 0xE7, 0xD5, 0xFE,
    0x18, 0x87, 0xFF, 0x80, 0xFF, 0x77, 0xFF, 0xFF, 0xFF, 0xF8, 0x03, 0xFF, 0xFE, 0x0B, 0x83, 0x63,
    0xD6, 0xDE, 0x0F, 0xFF, 0xE7, 0x7D, 0xE7, 0xD6, 0x7E, 0x3C, 0xC0, 0x7C, 0x70, 0xFC, 0xF7, 0xFF,
    0xFF, 0xFF, 0xE2, 0x1C, 0xFF, 0xFD, 0x93, 0x07, 0x35, 0xC5, 0xD0, 0x0F, 0xFF, 0xF7, 0x7D, 0xE7,
    0xD7, 0x3E, 0x3E, 0xE6, 0x01, 0xF8, 0xF9, 0xF7, 0xFF, 0xFF, 0xFF, 0xC4, 0x47, 0x7F, 0xF9, 0xB7,
    0x8F, 0x30, 0x13, 0xC7, 0xDF, 0xFC, 0x73, 0x7D, 0xE7, 0x9F, 0xC8, 0x3E, 0x76, 0xFF, 0xF8, 0x26,
    0xF3, 0xFF, 0xFF, 0xFF, 0x98, 0xF3, 0xBF, 0xFB, 0xA7, 0x6F, 0xB0, 0xC7, 0x8F, 0xDF, 0xC0, 0x1B,
    0x7D, 0xE7, 0x8E, 0xE0, 0x3F, 0x32, 0xFF, 0xF8, 0x0F, 0xE3, 0xFF, 0xFF, 0xFF, 0x7F, 0x79, 0xDF,
    0xF2, 0x27, 0x0F, 0x12, 0x86, 0x0F, 0x9F, 0x00, 0x01, 0x7D, 0xE7, 0x06, 0xE0, 0x7F, 0xB9, 0xFF,
    0xF8, 0x0E, 0x43, 0xFF, 0xFF, 0xFE, 0x60, 0x3D, 0x4F, 0xF6, 0x4F, 0x5F, 0xC8, 0x0E, 0x6F, 0xB0,
    0xC3, 0x1C, 0x7D, 0xE7, 0x80, 0x02, 0x7F, 0xDC, 0x7F, 0xFC, 0x80, 0x03, 0xFF, 0xFF, 0xFE, 0xC0,
    0x1E, 0x8F, 0xF6, 0x40, 0x00, 0xE6, 0x1E, 0x67, 0x87, 0xC7, 0x1E, 0x7D, 0xE7, 0x98, 0x0A, 0x7F,
    0xC8, 0x3F, 0xFC, 0xC0, 0x73, 0xFF, 0xFF, 0xFD, 0xDF, 0xD6, 0x4F, 0xEE, 0x40, 0x00, 0xE3, 0x3E,
    0xCF, 0x9F, 0xE0, 0x00, 0x7D, 0xE7, 0xB7, 0x80, 0x5F, 0xE1, 0x3F, 0xF4, 0x11, 0xFB, 0xFF, 0xFF,
    0xFD, 0x9F, 0xC6, 0x07, 0xEC, 0xFC, 0x3F, 0x30, 0xFE, 0x9F, 0x7E, 0x00, 0x7E, 0x0D, 0xE7, 0x17,
    0x50, 0xE7, 0xE3, 0x9F, 0xCC, 0x10, 0xF1, 0xFF, 0xFF, 0xFD, 0x1F, 0xE7, 0x43, 0xDD, 0xFD, 0x7F,
    0x0C, 0x1E, 0x3F, 0x70, 0xFF, 0xFF, 0xE0, 0xE7, 0x06, 0x10, 0xF9, 0xE3, 0x8F, 0x3E, 0x10, 0xC1,
    0xFF, 0xFF, 0xF9, 0x3F, 0xF3, 0x03, 0x99, 0xFD, 0x7F, 0x07, 0x06, 0x7F, 0x0F, 0xFF, 0xFF, 0xFE,
    0x07, 0x80, 0x00, 0xFF, 0xF0, 0x0F, 0xFE, 0x08, 0x03, 0xFF, 0xFF, 0xF9, 0x0F, 0x03, 0x03, 0x3B,
    0xFA, 0xE0, 0xE1, 0x97, 0xFE, 0x7F, 0xFF, 0xC0, 0x00, 0x01, 0xBE, 0x31, 0xFF, 0xF8, 0x0F, 0xFF,
    0x38, 0xF9, 0xFF, 0xFF, 0xF9, 0x3F, 0xF3, 0x23, 0x73, 0xFE, 0x00, 0xF0, 0xF3, 0xF8, 0xFF, 0xF8,
    0x00, 0x00, 0x00, 0x3E, 0x19, 0xFF, 0xFC, 0x37, 0xFF, 0x20, 0xFD, 0xFF, 0xFF, 0xF9, 0x47, 0x83,
    0x03, 0x73, 0xFC, 0x27, 0xFC, 0x71, 0xE7, 0xFF, 0xC1, 0x00, 0x00, 0x00, 0x3C, 0x41, 0x8F, 0xFE,
    0x73, 0xE3, 0x08, 0x70, 0xFF, 0xFF, 0xF9, 0x07, 0x83, 0x83, 0x27, 0xF9, 0xE7, 0xFE, 0x52, 0x0F,
    0xFC, 0x05, 0x01, 0x00, 0x00, 0x00, 0x60, 0x0F, 0xFE, 0x39, 0xE1, 0x3C, 0x00, 0xFF, 0xFF, 0xF9,
    0x07, 0xC3, 0x83, 0xA3, 0xE3, 0x67, 0x7E, 0x24, 0x7F, 0x80, 0x01, 0x01, 0x80, 0x00, 0x00, 0x18,
    0xCF, 0xFE, 0x9C, 0xE6, 0x00, 0x01, 0xFF, 0xFF, 0xF9, 0x07, 0xC9, 0x03, 0x83, 0xCB, 0x67, 0xBC,
    0x21, 0xF8, 0x00, 0x00, 0x31, 0x00, 0x00, 0x8D, 0xE1, 0x9F, 0xFE, 0xCE, 0x73, 0x1F, 0x37, 0xFF,
    0xFF, 0xFD, 0x3F, 0xF9, 0x03, 0xDB, 0xDB, 0x67, 0xCD, 0x20, 0x00, 0x00, 0x00, 0x79, 0x00, 0x01,
    0xDF, 0xF8, 0x27, 0xFE, 0xEF, 0x1C, 0x3F, 0xF3, 0xFF, 0xFF, 0xFD, 0x3B, 0xF9, 0x03, 0xD9, 0x9A,
    0x6F, 0xEC, 0x20, 0x00, 0x44, 0x01, 0x01, 0x00, 0x07, 0xDF, 0xF8, 0x83, 0xFE, 0xF7, 0x8E, 0x3F,
    0x71, 0xFF, 0xFF, 0xFC, 0x3B, 0xF1, 0x03, 0xDC, 0xBA, 0x6F, 0x74, 0x57, 0x00, 0x14, 0x0F, 0x81,
    0x00, 0x07, 0xDD, 0xF0, 0x33, 0xFE, 0xF3, 0x02, 0x1F, 0x71, 0xFF, 0xFF, 0xFC, 0x3F, 0xF0, 0x03,
    0xDE, 0x3A, 0x6F, 0x98, 0x57, 0xC0, 0x94, 0x0F, 0x80, 0x01, 0xE7, 0x9D, 0xF0, 0xE7, 0xFE, 0xFC,
    0x60, 0x4F, 0x60, 0xFF, 0xFF, 0xFC, 0x19, 0xFA, 0x07, 0x9B, 0x3A, 0x6F, 0xCC, 0x43, 0x79, 0x98,
    0x0F, 0xC8, 0x9D, 0xE7, 0xBD, 0xE0, 0x0B, 0xFE, 0xFC, 0x48, 0x4E, 0xC6, 0xFF, 0xFF, 0xFC, 0x0F,
    0xF2, 0x1F, 0xB8, 0x3A, 0x6D, 0xE0, 0x20, 0x01, 0x88, 0xDF, 0xC9, 0x8D, 0xE7, 0xBE, 0xC8, 0x39,
    0xFE, 0xFE, 0x1C, 0x00, 0x06, 0x7F, 0xFF, 0xFC, 0x07, 0xE2, 0x0F, 0xA0, 0x3E, 0x6D, 0x74, 0x00,
    0x00, 0xCC, 0x7F, 0xF9, 0x8D, 0xEF, 0x3D, 0x98, 0x79, 0xFE, 0xFF, 0x9C, 0x01, 0xE7, 0x7F, 0xFF,
    0xFE, 0x13, 0x88, 0x97, 0xA0, 0xA6, 0x6D, 0x38, 0x00, 0x18, 0x8C, 0xFF, 0xF9, 0x0D, 0xEC, 0x3E,
    0x99, 0x47, 0xFE, 0xFF, 0xC4, 0x06, 0x07, 0x7F, 0xFF, 0xFE, 0x18, 0x20, 0x27, 0x2C, 0xB0, 0xED,
    0x1B, 0x82, 0xB8, 0xA4, 0xFF, 0xF1, 0x0D, 0xEC, 0x3E, 0xDB, 0x11, 0xFE, 0xFF, 0xF0, 0x00, 0x60,
    0x7F, 0xFF, 0xFF, 0x9D, 0xF0, 0x07, 0x3C, 0x82, 0xCD, 0xCA, 0x83, 0xB8, 0x04, 0x7F, 0xF1, 0x0D,
    0xEC, 0x0F, 0xDB, 0x30, 0xFF, 0xFF, 0xF0, 0x27, 0xF0, 0xFF, 0xFF, 0xFF, 0xDC, 0xF4, 0x07, 0x7C,
    0x38, 0x07, 0xE2, 0x83, 0xBC, 0x02, 0x1F, 0xC0, 0x0D, 0xE5, 0x03, 0xCB, 0x30, 0x3F, 0xFF, 0xF8,
    0x24, 0x00, 0xFF, 0xFF, 0xFF, 0xF9, 0xFE, 0x07, 0x78, 0xCD, 0x8F, 0xF2, 0xC1, 0xBC, 0x02, 0x07,
    0x00, 0x1D, 0xE5, 0xC9, 0xC8, 0x00, 0x3F, 0xFF, 0xE0, 0x23, 0x00, 0xFF, 0xFF, 0xFF, 0xC1, 0xFF,
    0x87, 0x07, 0xBF, 0xF3, 0xFB, 0xC1, 0xBE, 0x80, 0x10, 0x00, 0x1D, 0xE5, 0xF0, 0x08, 0x00, 0x20,
    0x00, 0x01, 0x26, 0x18, 0x7F, 0xFF, 0xF8, 0x0F, 0xFF, 0x01, 0xA7, 0x3F, 0xD8, 0xFB, 0xC1, 0xBF,
    0x98, 0x02, 0x20, 0x7D, 0xED, 0xF9, 0x82, 0x00, 0x00, 0x00, 0x3D, 0x20, 0x3E, 0x7F, 0xFF, 0xF0,
    0x9F, 0xFE, 0x38, 0x2F, 0x3F, 0xEC, 0xFB, 0xCD, 0xBF, 0x3C, 0x38, 0x00, 0x7D, 0xE5, 0xF8, 0x04,
    0x09, 0xA7, 0x8B, 0x7C, 0x20, 0x7E, 0xFF, 0xFF, 0xED, 0x23, 0x80, 0x7B, 0x9A, 0xBD, 0xEC, 0xFB,
    0xCD, 0xBE, 0x7E, 0x1C, 0x92, 0x7D, 0xE5, 0xF9, 0x80, 0x89, 0x83, 0x8A, 0x7C, 0x06, 0x7E, 0xFF,
    0xFF, 0xE9, 0x3F, 0xFC, 0x77, 0x9A, 0x71, 0xE6, 0xFB, 0xC1, 0xBE, 0x07, 0xC4, 0x0F, 0x3D, 0xED,
    0xF8, 0xC0, 0x81, 0xA7, 0x8F, 0xE0, 0x08, 0x3E, 0xFF, 0xFF, 0xDB, 0x3F, 0xFC, 0xEF, 0xB4, 0x61,
    0x62, 0xFB, 0xCC, 0xBE, 0x70, 0xE0, 0x18, 0x3D, 0xE5, 0xF0, 0x00, 0x80, 0x00, 0x00, 0x00, 0x02,
    0x3E, 0xFF, 0xFF, 0xDB, 0x7F, 0xF8, 0xEF, 0xB0, 0x66, 0x72, 0xFB, 0xC0, 0xBE, 0xFF, 0x00, 0x03,
    0xBD, 0xE4, 0xF1, 0x81, 0x80, 0x00, 0x00, 0x0F, 0x27, 0x3E, 0xFF, 0xFF, 0x92, 0x01, 0xA1, 0xDF,
    0x00, 0x40, 0x3F, 0xFB, 0xD0, 0xBC, 0xFF, 0xE0, 0x3F, 0x9D, 0xE4, 0xF3, 0x81, 0x18, 0x40, 0x1C,
    0x3F, 0x33, 0x3E, 0xFF, 0xFF, 0xB3, 0x00, 0x01, 0xDE, 0x02, 0x96, 0x1B, 0xFB, 0xD2, 0xBD, 0xFF,
    0xC0, 0x1F, 0xDD, 0xE6, 0xF3, 0x81, 0x38, 0xC0, 0x38, 0x3F, 0x33, 0x3C, 0xFF, 0xFF, 0xB3, 0xC0,
    0x03, 0x9F, 0x87, 0xD9, 0x9B, 0xFB, 0xD0, 0x3D, 0xFF, 0xE0, 0x3F, 0xDD, 0xE6, 0xF3, 0x0B, 0x38,
    0xE2, 0x18, 0x3F, 0x9B, 0x3C, 0xFF, 0xFF, 0x33, 0xE9, 0x7F, 0x9F, 0x80, 0xF0, 0x5B, 0xFB, 0xC6,
    0x39, 0xFF, 0xC0, 0x0F, 0xDD, 0xE6, 0xF1, 0x43, 0x30, 0x60, 0x39, 0x3F, 0x83, 0x3D, 0xFF, 0xFF,
    0x77, 0xED, 0xFF, 0x9F, 0x80, 0x70, 0x18, 0xFB, 0xC0, 0x3B, 0xFF, 0x2B, 0x17, 0xCD, 0xE6, 0x70,
    0x52, 0x30, 0x60, 0x19, 0x0E, 0x00, 0x3D, 0xFF, 0xFE, 0x67, 0xFD, 0xFF, 0xBF, 0xC0, 0xF8, 0x10,
    0xFB, 0xDF, 0x13, 0xBC, 0xD3, 0xAF, 0xED, 0xE6, 0x71, 0x56, 0x02, 0x70, 0x39, 0x01, 0xD3, 0x3D,
    0xFF, 0xFE, 0xEF, 0xFF, 0xFF, 0x3F, 0xC0, 0xF8, 0x80, 0xFB, 0xD8, 0x04, 0x7B, 0xA7, 0x97, 0xED,
    0xE7, 0x70, 0x06, 0x62, 0x70, 0x71, 0x8F, 0xC8, 0x3D, 0xFF, 0xFD, 0xEF, 0xFF, 0xFF, 0x7F, 0xE5,
    0x7D, 0xC0, 0xFB, 0xCE, 0x21, 0xFF, 0x6F, 0xD7, 0xE5, 0xE7, 0x73, 0x06, 0x72, 0x30, 0x33, 0xAF,
    0xE9, 0x39, 0xFF, 0xFD, 0xCF, 0xFF, 0xFE, 0x7F, 0xE7, 0x7F, 0xE0, 0xFB, 0xC8, 0x07, 0xFC, 0xDF,
    0xCB, 0x75, 0xE7, 0x40, 0x00, 0xE1, 0x33, 0x33, 0x8F, 0xE8, 0x09, 0xFF, 0xFC, 0x4F, 0xFF, 0xFE,
    0xFF, 0xF7, 0xFF, 0xF0, 0xFB, 0xCC, 0x00, 0x07, 0x9F, 0xE7, 0xB5, 0xE0, 0x00, 0x40, 0xE2, 0x38,
    0x73, 0x0F, 0x88, 0x00, 0x00, 0x00, 0x0F, 0xFF, 0xFE, 0x7D, 0xF7, 0x8F, 0xC2, 0xFB, 0xD5, 0x0F,
    0xFE, 0x1F, 0xF7, 0xD5, 0xE6, 0x13, 0x08, 0x81, 0x18, 0x26, 0xC3, 0x01, 0x01, 0xFF, 0xFE, 0x0F,
    0xFF, 0xFF, 0x4A, 0x63, 0xFF, 0x8F, 0xFB, 0xD1, 0x80, 0x78, 0x5F, 0xF3, 0xE9, 0xE7, 0x73, 0x8F,
    0x04, 0x93, 0x21, 0xC0, 0xE4, 0x39, 0xFF, 0xFF, 0x07, 0xFF, 0xFF, 0x00, 0xC9, 0xFE, 0x0F, 0xFB,
    0xD1, 0x80, 0x00, 0xDF, 0xF1, 0xF1, 0xE7, 0x73, 0x8F, 0xC6, 0x1D, 0xE3, 0x47, 0xEE, 0x3B, 0xFF,
    0xFF, 0x77, 0xFF, 0xFE, 0x3C, 0x08, 0x78, 0x1F, 0x3B, 0xD0, 0x90, 0xE1, 0xDF, 0xF4, 0xF9, 0xE0,
    0x73, 0x5F, 0x8D, 0x0D, 0xC6, 0xE7, 0xEE, 0x38, 0x00, 0x00, 0x73, 0xE3, 0xFC, 0x3E, 0x08, 0x00,
    0x1F, 0x7B, 0xD0, 0x94, 0x63, 0xDF, 0xF4, 0x3D, 0xE7, 0x72, 0xDF, 0x8E, 0x45, 0x89, 0xEB, 0xE2,
    0x39, 0xFD, 0xF7, 0x78, 0x80, 0x03, 0x7F, 0x48, 0x18, 0x4F, 0x7B, 0xD4, 0x96, 0x43, 0xDF, 0xF4,
    0x1C, 0xE7, 0x60, 0x6F, 0x9F, 0xA1, 0x87, 0xE3, 0xC8, 0x1B, 0xFD, 0xFF, 0x7D, 0xFF, 0xCF, 0x7F,
    0x58, 0x03, 0x83, 0x7B, 0xD6, 0x96, 0x43, 0xDF, 0xF4, 0x0E, 0xE7, 0x42, 0x6F, 0x5F, 0xC0, 0x0F,
    0xF1, 0xC8, 0x1B, 0xFF, 0xF0, 0x7C, 0xFF, 0xFF, 0x6E, 0x53, 0x0F, 0x78, 0x7B, 0xD6, 0xC6, 0x03,
    0xDF, 0xF4, 0x26, 0x64, 0x00, 0x0F, 0x1F, 0xF0, 0x38, 0xF1, 0xD0, 0x00, 0x0C, 0x00, 0x4C, 0xFF,
    0xFE, 0x5E, 0x47, 0x0C, 0xFE, 0x7B, 0x56, 0xCF, 0x91, 0xDF, 0xF4, 0xB3, 0x64, 0x04, 0x0E, 0x3E,
    0x00, 0x03, 0xF1, 0xC0, 0x80, 0x08, 0x00, 0x04, 0xFF, 0xFE, 0x3E, 0x4F, 0x03, 0xFC, 0x7B, 0x56,
    0x4F, 0xB4, 0x18, 0x74, 0x7D, 0x25, 0x06, 0x08, 0x3F, 0xFC, 0x7F, 0xF8, 0x61, 0x03, 0xC1, 0xC6,
    0xF0, 0xFF, 0xFC, 0x1E, 0xCF, 0x07, 0xF8, 0x7B, 0x52, 0x4F, 0x07, 0xC0, 0x00, 0x7C, 0xA5, 0x43,
    0x92, 0x7F, 0xF8, 0x3F, 0xFC, 0x03, 0x43, 0xC1, 0xCC, 0xF8, 0x7F, 0xFC, 0x7E, 0xDF, 0x07, 0x00,
    0x7B, 0xD0, 0x6E, 0x03, 0xF1, 0x00, 0x7E, 0x25, 0x40, 0x40, 0xFF, 0xF0, 0x3F, 0xFF, 0x00, 0x0B,
    0xCB, 0xCC, 0xF8, 0x7F, 0xF9, 0xFC, 0xBF, 0x00, 0x3F, 0x3B, 0x50, 0x6C, 0x00, 0xF1, 0x8F, 0x7E,
    0x25, 0x50, 0x83, 0xFF, 0xF4, 0x5F, 0xFF, 0x80, 0x0B, 0xCB, 0xC4, 0xFC, 0x7F, 0xF3, 0xFC, 0xBF,
    0x00, 0x00, 0x9B, 0x50, 0x60, 0x0E, 0x01, 0x9F, 0x7E, 0x04, 0x5F, 0x87, 0xFF, 0xE4, 0x4F, 0xFF,
    0xC2, 0xC9, 0xC8, 0x01, 0xFC, 0x7F, 0xE7, 0xFC, 0x7E, 0x17, 0xB3, 0xEB, 0x54, 0x20, 0x0F, 0xA0,
    0x00, 0x7F, 0x0C, 0x88, 0xEF, 0xFF, 0xC8, 0x6F, 0xFF, 0xC2, 0xED, 0xCD, 0x81, 0xFC, 0x3F, 0xCF,
    0xFC, 0x3E, 0x07, 0xB7, 0x73, 0x51, 0x20, 0x1F, 0xB8, 0x18, 0x3F, 0x0C, 0x88, 0x6F, 0xFF, 0xD8,
    0x37, 0xFF, 0xCA, 0x6D, 0xCD, 0x81, 0xFD, 0x1F, 0x1F, 0xF8, 0x1E, 0x07, 0xA7, 0x33, 0x51, 0x24,
    0x1F, 0x7F, 0xFB, 0xBF, 0x8C, 0x9E, 0xEF, 0xFF, 0xB9, 0x33, 0xFF, 0xCE, 0xE5, 0xCD, 0x81, 0xF8,
    0x80, 0x3F, 0xE0, 0x0E, 0x06, 0xA7, 0x9B, 0xC3, 0xA0, 0xBF, 0x7F, 0xFD, 0xBF, 0x8C, 0xA7, 0xCF,
    0xFF, 0x79, 0x3B, 0xFF, 0xC2, 0xE5, 0xCD, 0xC0, 0xF9, 0xB2, 0xFF, 0xC0, 0x00, 0x20, 0xE7, 0xCB,
    0xCB, 0xB0, 0x3F, 0x7F, 0xFD, 0x9F, 0xC4, 0xBF, 0xEF, 0xFF, 0xFB, 0xBF, 0xFF, 0xCE, 0xE4, 0xCD,
    0xC1, 0x01, 0x71, 0xFF, 0x90, 0x60, 0xA0, 0x00, 0xE3, 0xC8, 0x30, 0x7F, 0x7F, 0xED, 0xDF, 0x85,
    0xBC, 0xEF, 0xFF, 0xF3, 0xBF, 0xFF, 0xCE, 0xE6, 0xCD, 0xC8, 0x53, 0xF3, 0xFF, 0x18, 0x74, 0xA0,
    0x40, 0xF1, 0xC0, 0x10, 0x7F, 0x7F, 0xCD, 0xDF, 0x65, 0xBC, 0xE7, 0xFF, 0xF3, 0x9F, 0xFF, 0xC4,
    0xF6, 0xCD, 0xC8, 0x79, 0xC0, 0xFE, 0x68, 0x77, 0xBF, 0xC4, 0xFB, 0xD0, 0x10, 0x7E, 0x77, 0xDC,
    0xCC, 0xE5, 0xBC, 0xE7, 0xFF, 0xF3, 0x9F, 0xFF, 0xCC, 0xF6, 0xCD, 0xC9, 0x00, 0x1E, 0x78, 0xE8,
    0xD7, 0xBF, 0xC6, 0xF9, 0xD2, 0x10, 0xFE, 0x7B, 0xBE, 0xE1, 0xE5, 0xB8, 0xA7, 0xFF, 0xF7, 0xDF,
    0xFF, 0xCC, 0x36, 0xCD, 0xC8, 0x30, 0x3E, 0x73, 0xEC, 0x87, 0xBF, 0xC2, 0x03, 0x90, 0x50, 0xFE,
    0x7D, 0x3E, 0xE7, 0xC9, 0xBC, 0x27, 0xFF, 0xE3, 0xDF, 0xFF, 0xCC, 0x76, 0x4D, 0xC0, 0xE0, 0x1C,
    0x20, 0xFC, 0x47, 0xBB, 0xC2, 0x01, 0x90, 0x19, 0xFC, 0x7F, 0x7E, 0x77, 0x33, 0x38, 0x67, 0xFF,
    0xE2, 0x0F, 0xFF, 0xC4, 0xF6, 0x4D, 0x88, 0x8F, 0xDF, 0x03, 0xFD, 0xEF, 0x07, 0xC0, 0xF9, 0xA0,
    0x09, 0xFC, 0xFF, 0xFE, 0x74, 0x73, 0x3C, 0x4F, 0xFF, 0xF0, 0x4F, 0xFF, 0xE5, 0xF7, 0x4D, 0x38,
    0x0F, 0xEF, 0x3F, 0xFD, 0xEE, 0x3F, 0x8A, 0x03, 0xA0, 0x09, 0xFC, 0xFF, 0xFE, 0x70, 0xF9, 0x3D,
    0xCF, 0xFF, 0xF7, 0xCF, 0xFD, 0xE5, 0xE7, 0x4C, 0x7C, 0x17, 0xE7, 0x7F, 0xF9, 0xEF, 0x7F, 0x0A,
    0x1B, 0x28, 0x09, 0xFC, 0xFF, 0xFE, 0x73, 0x49, 0x3C, 0xEE, 0x1F, 0xF7, 0xCF, 0xF0, 0x6D, 0xF7,
    0x49, 0xFE, 0x0B, 0xC2, 0x7F, 0xFB, 0xE0, 0x3E, 0x48, 0xFB, 0x60, 0x89, 0xF8, 0xFF, 0xFE, 0x3B,
    0x01, 0x1C, 0xE0, 0x0F, 0xF7, 0xDF, 0xE4, 0x0D, 0xF3, 0x03, 0xFE, 0x14, 0x00, 0xFF, 0xF3, 0xE0,
    0x00, 0xC8, 0xF3, 0x41, 0x8D, 0xF8, 0xFF, 0xFE, 0x39, 0x85, 0x7C, 0xE0, 0x02, 0x67, 0xCC, 0x81,
    0x09, 0xF3, 0x8F, 0xFE, 0x28, 0xF9, 0xFF, 0xF0, 0x20, 0x43, 0xCC, 0xE2, 0x41, 0x85, 0xFA, 0xFF,
    0xFE, 0x39, 0x81, 0x7C, 0xE3, 0x60, 0xCE, 0x2E, 0x0D, 0xC8, 0xF3, 0x9F, 0xFE, 0x03, 0xFF, 0xFF,
    0xE1, 0x08, 0x03, 0xCC, 0xF8, 0xC0, 0xA5, 0xF8, 0xFF, 0xFF, 0x39, 0x83, 0x7C, 0xCF, 0xF8, 0x1C,
    0x84, 0x1E, 0xE9, 0xF3, 0x3F, 0xE0, 0x0F, 0xFF, 0xFF, 0xE5, 0x8E, 0x00, 0xDE, 0xF8, 0xC1, 0xA4,
    0xF8, 0xFF, 0xFF, 0x32, 0x47, 0x3C, 0xCE, 0xFC, 0x80, 0x30, 0x7E, 0xE3, 0xFA, 0x7F, 0xFE, 0x7F,
    0xFF, 0xFF, 0xCD, 0x06, 0x7E, 0xDE, 0xF8, 0xC0, 0xB4, 0x30, 0xFF, 0xFF, 0x00, 0x23, 0x7C, 0xDE,
    0xFE, 0x18, 0x30, 0xFE, 0xE1, 0xFA, 0xFF, 0xF1, 0xFF, 0xFF, 0xFF, 0xC1, 0x10, 0x5E, 0x5E, 0xF9,
    0xC0, 0xB6, 0x00, 0xFF, 0xFE, 0x00, 0x0B, 0x7C, 0xCE, 0xFE, 0x1F, 0xF0, 0xFF, 0xF1, 0xF9, 0xFF,
    0xFF, 0xFF, 0xFF, 0xFF, 0x80, 0x1C, 0x2E, 0x00, 0x01, 0xC0, 0xB6, 0x24, 0x3F, 0xE0, 0x00, 0x0B,
    0x3C, 0xD7, 0xFE, 0x0F, 0xF0, 0x7F, 0xC1, 0xF9, 0xFF, 0xFF, 0xFF, 0xFF, 0xFE, 0x7C, 0x24, 0x10,
    0x0C, 0xFB, 0xC0, 0xB2, 0x3F, 0x00, 0x07, 0x00, 0x0A, 0x3E, 0xCF, 0xFE, 0x03, 0xF0, 0xFF, 0xE1,
    0xFB, 0xFF, 0xFF, 0xFF, 0xFF, 0xFC, 0x3F, 0xF0, 0x87, 0x0E, 0xFB, 0x80, 0xB2, 0x0F, 0xC0, 0xFE,
    0x50, 0x00, 0x3E, 0x8E, 0xFE, 0x02, 0xF0, 0x7F, 0x65, 0x7B, 0xFF, 0xFF, 0xFF, 0xFF, 0xF8, 0x9F,
    0xF3, 0xFF, 0xEC, 0xFB, 0x80, 0xB2, 0x20, 0x00, 0x00, 0x70, 0x04, 0x3E, 0x0E, 0xFE, 0x00, 0xF0,
    0x7F, 0x6F, 0x7B, 0xFF, 0xFF, 0xFF, 0xFF, 0xF1, 0xCF, 0xC0, 0x7F, 0xEC, 0x03, 0x80, 0x8B, 0x3F,
    0xC0, 0x7F, 0x60, 0x04, 0x1E, 0x06, 0xFC, 0x20, 0x78, 0x7E, 0xCF, 0xDB, 0xFF, 0xFF, 0xFF, 0xFF,
    0x67, 0xF7, 0xC7, 0x3F, 0xEC, 0xF7, 0xA0, 0x09, 0x3F, 0xC0, 0xFE, 0x00, 0x04, 0x1E, 0x42, 0xF8,
    0xBC, 0x7A, 0x3E, 0x87, 0xC3, 0xFF, 0xFF, 0xFF, 0xEA, 0x6F, 0xF3, 0xDF, 0x9F, 0xEC, 0xC7, 0xA0,
    0x29, 0x3F, 0xC0, 0xFE, 0x20, 0x04, 0x7F, 0xD1, 0xC0, 0x9C, 0x72, 0x06, 0x17, 0xE3, 0xFF, 0xFF,
    0xFF, 0xF2, 0xCF, 0xFB, 0x9F, 0xCF, 0xED, 0x07, 0x80, 0xA9, 0x3F, 0x80, 0xFE, 0x04, 0x04, 0x7F,
    0x98, 0x23, 0x98, 0x73, 0x88, 0x37, 0xF3, 0xFB, 0xFF, 0xFF, 0xF2, 0x8F, 0xFD, 0xBF, 0xE7, 0xED,
    0xEF, 0x80, 0xBD, 0x3F, 0x80, 0x7E, 0x32, 0x06, 0x7E, 0x1C, 0x0F, 0x82, 0xF3, 0xE0, 0x73, 0xF3,
    0xFB, 0xFF, 0xFF, 0xFA, 0x0F, 0xF1, 0xBF, 0xF7, 0xCD, 0xEF, 0x80, 0xAD, 0x1F, 0x80, 0x7E, 0x06,
    0x06, 0x7F, 0x8E, 0x7D, 0x80, 0xF1, 0x7C, 0xE3, 0xF3, 0xFB, 0xFD, 0xFF, 0xFA, 0x0F, 0xC0, 0x3F,
    0xE3, 0x0D, 0xCF, 0x00, 0x9D, 0x9F, 0x80, 0x7E, 0x42, 0x06, 0x7F, 0xA3, 0xFA, 0x00, 0xF0, 0x1F,
    0xCB, 0xF3, 0xFB, 0xFB, 0xFF, 0xF8, 0x8F, 0xC0, 0x3F, 0x80, 0x20, 0xDF, 0x00, 0x9D, 0xBF, 0x00,
    0x7E, 0x62, 0x06, 0x7F, 0xB8, 0x00, 0x80, 0x72, 0x00, 0x1B, 0xF3, 0xF9, 0xFB, 0xFF, 0xFC, 0x6F,
    0xC0, 0x9F, 0x80, 0x00, 0xDF, 0x00, 0x1C, 0xBF, 0x00, 0x7C, 0x62, 0x06, 0x1F, 0x3C, 0x1F, 0x90,
    0x73, 0xF8, 0x78, 0xF7, 0xFD, 0xFB, 0xFF, 0xFC, 0xEF, 0xC8, 0x1F, 0xB8, 0xFD, 0xDF, 0x00, 0x0C,
    0xBF, 0x00, 0x5C, 0x00, 0x07, 0x7F, 0x3C, 0x7F, 0x90, 0x73, 0xFE, 0x38, 0x77, 0xFD, 0xFB, 0xFF,
    0xFC, 0xE7, 0xEF, 0x9F, 0x9E, 0xFD, 0x9F, 0x00, 0x5E, 0xBE, 0x00, 0x5C, 0x8C, 0x07, 0x7F, 0x78,
    0x7F, 0x84, 0xF3, 0xFC, 0x38, 0xE7, 0xFD, 0xFB, 0xFF, 0xFE, 0x07, 0xEF, 0xDF, 0xC0, 0x3C, 0x3F,
    0x00, 0x02, 0x9E, 0x00, 0x7A, 0x80, 0x07, 0x7F, 0x78, 0x7F, 0xDF, 0xE7, 0xFC, 0x3D, 0xE7, 0xFD,
    0xF3, 0xFF, 0xFE, 0x07, 0xCF, 0xDF, 0xC0, 0x00, 0x3F, 0x08, 0x02, 0x5C, 0x00, 0x7E, 0x00, 0x07,
    0x6F, 0x78, 0x7F, 0xDF, 0xF7, 0xFD, 0x1C, 0xE6, 0xFC, 0xF7, 0xFF, 0xFE, 0xE0, 0x23, 0xDF, 0x8F,
    0xFC, 0xBF, 0x41, 0x06, 0x5E, 0x80, 0x7E, 0x80, 0x07, 0x4F, 0x31, 0x7F, 0xDF, 0xF7, 0xFD, 0x5D,
    0x86, 0xFE, 0xF7, 0xFF, 0xFE, 0x37, 0xE0, 0x0F, 0x0F, 0xFD, 0x3F, 0x40, 0x80, 0x5E, 0x80, 0x7E,
    0x80, 0x07, 0x03, 0x95, 0x3F, 0x1D, 0xF1, 0xFD, 0x59, 0x86, 0xFE, 0xF7, 0xFF, 0xFF, 0x07, 0xEC,
    0x00, 0xCF, 0xFD, 0x3F, 0x41, 0x00, 0x5C, 0x00, 0x7E, 0xA0, 0x07, 0x03, 0xC5, 0xB8, 0x0D, 0xD0,
    0x39, 0x43, 0x0E, 0xFE, 0xF7, 0xFF, 0xFF, 0x77, 0xC7, 0xCF, 0xC0, 0x7D, 0x7F, 0x00, 0x02, 0x4C,
    0x00, 0x7E, 0x8F, 0x07, 0x38, 0x45, 0x80, 0x0F, 0xE0, 0x03, 0x64, 0x4C, 0xFE, 0x77, 0xFF, 0xFF,
    0x77, 0xC0, 0x0F, 0xC0, 0x00, 0x7F, 0x02, 0x02, 0x6C, 0x00, 0x7E, 0x8F, 0x87, 0xBA, 0x0D, 0x8C,
    0x7F, 0xF6, 0x63, 0x60, 0x0D, 0xFF, 0x77, 0xFF, 0xFF, 0x77, 0xC1, 0x0F, 0xDB, 0xC0, 0x7F, 0x7F,
    0x78, 0x2C, 0x00, 0x7E, 0xA1, 0x87, 0xBF, 0xCD, 0xFC, 0x38, 0x8E, 0x7F, 0x67, 0xDD, 0xFF, 0x77,
    0xFD, 0xFF, 0x33, 0xD1, 0x8F, 0xC0, 0x0E, 0x7E, 0x03, 0xE8, 0x2D, 0x00, 0x7E, 0xF0, 0x07, 0xBF,
    0xED, 0xFC, 0x00, 0x00, 0x7F, 0x68, 0x1D, 0xFF, 0x6F, 0xFD, 0xFF, 0x3B, 0xD0, 0x07, 0xD0, 0x00,
    0x7E, 0x70, 0x08, 0xAD, 0xF0, 0x7E, 0x01, 0xC7, 0xBF, 0xED, 0xF9, 0xF8, 0x0F, 0x3F, 0x6F, 0xDD,
    0xFF, 0xAF, 0xFF, 0xFF, 0x83, 0xD2, 0x07, 0xDF, 0xA0, 0x7E, 0x1C, 0x00, 0xA0, 0xF0, 0x7E, 0x07,
    0xF7, 0xBF, 0xED, 0xFB, 0xFF, 0xFF, 0xBF, 0x6F, 0xDD, 0xFF, 0xAF, 0xFE, 0xFF, 0xBB, 0xC0, 0x87,
    0x9F, 0xB8, 0x7F, 0x7F, 0x00, 0xB0, 0x60, 0x3E, 0x3F, 0xF7, 0xBF, 0xED, 0xFB, 0xFF, 0xFF, 0xBF,
    0x6F, 0x9D, 0xFF, 0xAF, 0xFE, 0xFF, 0x9B, 0xC0, 0x07, 0x83, 0xB8, 0x3F, 0x7F, 0xF0, 0x30, 0x40,
    0x84, 0xBF, 0xF7, 0xBF, 0xED, 0xFB, 0xFF, 0xFF, 0xBF, 0xAF, 0x9D, 0xFF, 0xEF, 0xFE, 0xFF, 0x81,
    0xC0, 0x07, 0x80, 0x38, 0xBF, 0x3F, 0xF3, 0x10, 0x00, 0xF1, 0xBF, 0xF7, 0xBF, 0xED, 0xFB, 0xFF,
    0xFF, 0xBF, 0xAF, 0xB9, 0xFF, 0xEF, 0xFE, 0xFF, 0xD6, 0x80, 0x07, 0x90, 0x38, 0xDF, 0x70, 0x03,
    0xD6, 0x00, 0xF9, 0xBF, 0xF7, 0x7F, 0xCB, 0xFB, 0xFF, 0xFF, 0xBF, 0xA7, 0xB9, 0xFF, 0xEF, 0xFE,
    0xFF, 0xC2, 0x20, 0x00, 0x83, 0x78, 0xEF, 0x60, 0xF3, 0xD2, 0xFE, 0xF8, 0xBF, 0xF7, 0x7F, 0xDB,
    0xFB, 0xFF, 0xFF, 0xBF, 0xF7, 0xB9, 0xFF, 0xFF, 0xFE, 0xFF, 0xC0, 0xE1, 0x86, 0x0B, 0x7E, 0xF7,
    0x1F, 0xF3, 0xD2, 0xFE, 0x38, 0x3F, 0xF6, 0xFF, 0x81, 0xFB, 0xFF, 0xFF, 0xBF, 0x03, 0xBB, 0xFF,
    0xFF, 0xFE, 0x7F, 0xCD, 0xE0, 0x83, 0x20, 0x7E, 0x81, 0x7F, 0x1C, 0x88, 0xFF, 0x02, 0x7F, 0xF5,
    0xFF, 0x86, 0x7B, 0xFF, 0xFF, 0xBE, 0x63, 0x3B, 0xFF, 0xFF, 0xFF, 0x7F, 0x83, 0xC4, 0x00, 0x68,
    0x7E, 0x3C, 0x60, 0xFC, 0x09, 0xFF, 0x66, 0xFF, 0xE1, 0xFF, 0x81, 0x33, 0xFF, 0xFF, 0x99, 0x03,
    0x7B, 0xFF, 0xFF, 0xFF, 0x7F, 0x3B, 0x85, 0x8C, 0xE1, 0x0C, 0xFC, 0x3F, 0xFD, 0xEB, 0xFF, 0x7E,
    0xFF, 0xE7, 0xFF, 0xAE, 0x03, 0xFF, 0xFF, 0x80, 0xEB, 0x7B, 0xFF, 0xFF, 0xFF, 0x7E, 0x7F, 0x1D,
    0xC0, 0xCC, 0x38, 0xC7, 0xFF, 0xFC, 0xEB, 0xFF, 0x3E, 0xFF, 0xFF, 0xFF, 0x6F, 0x0B, 0xFF, 0xFF,
    0xA1, 0xED, 0x7B, 0xFF, 0xFF, 0xFF, 0x7E, 0xFE, 0x78, 0x19, 0x8F, 0x3A, 0xFF, 0xFF, 0xFC, 0xE9,
    0xFF, 0x3E, 0xFF, 0xFF, 0xFE, 0x1F, 0x8B, 0xFF, 0xFF, 0xAB, 0xF0, 0x1B, 0xFF, 0xFF, 0xFF, 0x7E,
    0xF8, 0xFD, 0xBC, 0x8F, 0xBA, 0xFF, 0xFF, 0xFC, 0xED, 0xFF, 0x70, 0x7F, 0xFF, 0xFC, 0x47, 0xCB,
    0xFF, 0xFF, 0xB3, 0xE0, 0x4B, 0xFF, 0xFF, 0xFF, 0x7E, 0x00, 0x05, 0x7F, 0xBF, 0x3E, 0xFF, 0xFF,
    0xFD, 0x85, 0xFF, 0x38, 0x7F, 0xFF, 0xF9, 0xBB, 0xDB, 0xFF, 0xFF, 0xB7, 0x9D, 0x23, 0xFF, 0xFF,
    0xFF, 0x7E, 0x02, 0x00, 0x7F, 0x00, 0x1E, 0xFF, 0xFF, 0xFC, 0x85, 0xFF, 0x36, 0x7F, 0xFF, 0xE6,
    0x7D, 0xC3, 0xFF, 0xFF, 0x87, 0x3E, 0xDB, 0xFF, 0xFF, 0xFF, 0x7F, 0xEF, 0xF0, 0x7E, 0x00, 0x00,
    0xFF, 0xFF, 0xFC, 0xF1, 0xFF, 0x7F, 0x7F, 0xFF, 0xCD, 0xFE, 0x8B, 0xFF, 0xFF, 0xA2, 0x7F, 0x6B,
    0xFF, 0xFF, 0xFF, 0xBF, 0xE8, 0x7F, 0x38, 0x07, 0x70, 0xFF, 0xFF, 0xFD, 0xF0, 0xFF, 0x7F, 0xBF,
    0xFF, 0xDB, 0xFE, 0x03, 0xFF, 0xFF, 0x88, 0xFF, 0xA0, 0xFF, 0xFF, 0xFF, 0xBF, 0xC1, 0xFF, 0x00,
    0x03, 0x78, 0xFF, 0xFF, 0xFD, 0xF2, 0xFF, 0x7E, 0x1F, 0xFF, 0xDB, 0xFE, 0x0F, 0xFF, 0xFF, 0xE0,
    0xFF, 0xF6, 0x3F, 0xFF, 0xFF, 0xFF, 0x18, 0x3F, 0xC3, 0x80, 0x78, 0xFF, 0xFF, 0xFD, 0x82, 0xFF,
    0x1D, 0xC7, 0xFF, 0xDF, 0xFC, 0x7F, 0xFF, 0xFF, 0xFC, 0x7F, 0xD7, 0x80, 0x3F, 0xFF, 0x80, 0x7F,
    0x81, 0xFD, 0xF8, 0x78, 0xFF, 0xFF, 0xFC, 0x72, 0x7F, 0x0F, 0xF7, 0xFF, 0x83, 0x80, 0xFF, 0xFF,
    0xFF, 0xFC, 0x03, 0x87, 0xFD, 0x8F, 0xFF, 0x07, 0xFF, 0xFC, 0x00, 0xF4, 0x78, 0xFF, 0xFF, 0xFD,
    0xF2, 0x7F, 0x87, 0xF3, 0xFF, 0xC8, 0x21, 0xFF, 0xFF, 0xFF, 0xFF, 0x10, 0x27, 0xF9, 0xE1, 0xFE,
    0x3F, 0xFF, 0xFF, 0xC0, 0x3F, 0x78, 0xFF, 0xFF, 0xFD, 0xF3, 0x7F, 0xF3, 0xF3, 0xFF, 0xE0, 0x07,
    0xFF, 0xFF, 0xFF, 0xFF, 0xC0, 0x0F, 0xF3, 0x88, 0x00, 0x3F, 0xFF, 0xFF, 0xFC, 0x07, 0x78, 0xFF,
    0xFF, 0xFD, 0xF8, 0x7F, 0xF0, 0x03, 0xFF, 0xFF, 0xFF, 0xFF, 0xFF, 0xFF, 0xFF, 0xFF, 0xFF, 0xE1,
    0x31, 0xE7, 0x7F, 0xFF, 0xFF, 0xFF, 0xC1, 0x79, 0xFF, 0xFF, 0xFC, 0x00, 0x7F, 0xFC, 0x07, 0xFF,
    0xFF, 0xFF, 0xFF, 0xFF, 0xFF, 0xFF, 0xFF, 0xFF, 0xCC, 0xE3, 0xCC, 0x7F, 0xFF, 0xFF, 0xFF, 0xFC,
    0x79, 0xFF, 0xFF, 0xFE, 0x01, 0x7F, 0xFF, 0xFF, 0xFF, 0xFF, 0xFF, 0xFF, 0xFF, 0xFF, 0xFF, 0xFF,
    0xFF, 0x3F, 0xC0, 0x18, 0x7F, 0xFF, 0xFF, 0xFF, 0xFF, 0x3A, 0xFF, 0xFF, 0xFF, 0xFD, 0x7F, 0xFF,
    0xFF, 0xFF, 0xFF, 0xFF, 0xFF, 0xFF, 0xFF, 0xFF, 0xFF, 0xFF, 0x7F, 0x8E, 0x70, 0xFF, 0xFF, 0xFF,
    0xFF, 0xFF, 0x00, 0xFF, 0xFF, 0xFF, 0xFC, 0x7F, 0xFF, 0xFF, 0xFF, 0xFF, 0xFF, 0xFF, 0xFF, 0xFF,
    0xFF, 0xFF, 0xFF, 0x7E, 0x1F, 0xE0, 0xFF, 0xFF, 0xFF, 0xFF, 0xFF, 0xB2, 0xFF, 0xFF, 0xFF, 0xFF,
    0xFF, 0xFF, 0xFF, 0xFF, 0xFF, 0xFF, 0xFF, 0xFF, 0xFF, 0xFF, 0xFF, 0xFF, 0x00, 0x3F, 0xEF, 0xFF,
    0xFF, 0xFF, 0xFF, 0xFF, 0xB6, 0xFF, 0xFF, 0xFF, 0xFF, 0xFF, 0xFF, 0xFF, 0xFF, 0xFF, 0xFF, 0xFF,
    0xFF, 0xFF, 0xFF, 0xFF, 0xFF, 0x81, 0x3F, 0x8F, 0xFF, 0xFF, 0xFF, 0xFF, 0xFF, 0x36, 0xFF, 0xFF,
    0xFF, 0xFF, 0xFF, 0xFF, 0xFF, 0xFF, 0xFF, 0xFF, 0xFF, 0xFF, 0xFF, 0xFF, 0xFF, 0xFF, 0xFF, 0x00,
    0x1F, 0xFF, 0xFF, 0xFF, 0xFF, 0xFF, 0x14, 0xFF, 0xFF, 0xFF, 0xFF, 0xFF, 0xFF, 0xFF, 0xFF, 0xFF,
    0xFF, 0xFF, 0xFF, 0xFF, 0xFF, 0xFF, 0xFF, 0xFF, 0x80, 0x7F, 0xFF, 0xFF, 0xFF, 0xFF, 0xFF, 0x60,
    0xFF, 0xFF, 0xFF, 0xFF, 0xFF, 0xFF, 0xFF, 0xFF, 0xFF, 0xFF, 0xFF, 0xFF, 0xFF, 0xFF, 0xFF, 0xFF,
    0xFF, 0xE7, 0xFF, 0xFF, 0xFF, 0xFF, 0xFF, 0xFF, 0x78, 0xFF, 0xFF, 0xFF, 0xFF, 0xFF, 0xFF, 0xFF,
    0xFF, 0xFF, 0xFF, 0xFF, 0xFF, 0xFF, 0xFF, 0xFF, 0xFF, 0xFF, 0xFF, 0xFF, 0xFF, 0xFF, 0xFF, 0xFF,
    0xFF, 0x78, 0xFF, 0xFF, 0xFF, 0xFF, 0xFF, 0xFF, 0xFF, 0xFF, 0xFF, 0xFF, 0xFF, 0xFF, 0xFF, 0xFF,
    0xFF, 0xFF, 0xFF, 0xFF, 0xFF, 0xFF, 0xFF, 0xFF, 0xFF, 0xFF, 0x38, 0xFF, 0xFF, 0xFF, 0xFF, 0xFF,
    0xFF, 0xFF, 0xFF, 0xFF, 0xFF, 0xFF, 0xFF, 0xFF, 0xFF, 0xFF, 0xFF, 0xFF, 0xFF, 0xFF, 0xFF, 0xFF,
    0xFF, 0xFF, 0xFF, 0x81, 0xFF, 0xF9, 0xFF, 0xFF, 0xFF, 0xFF, 0xFF, 0xFF, 0xFF, 0xFF, 0xFF, 0xFF,
    0xFF, 0xFF, 0xFF, 0xFF, 0xFF, 0xFF, 0xFF, 0xFF, 0xFF, 0xFF, 0xFF, 0xFF, 0xFF, 0xFF, 0xFF, 0xFF,
    0xFF, 0xFF, 0xFF, 0xFF, 0xFF, 0xFF, 0xFF, 0xFF, 0xFF, 0xFF, 0xFF, 0xFF, 0xFF, 0xFF, 0xFF, 0xFF,
    0xFF, 0xFF, 0xFF, 0xFF, 0xFF, 0xFF, 0xFE, 0x7F, 0xFF, 0xFF, 0xFF, 0xFF, 0xFF, 0xFF, 0xFF, 0xFF,
    0xFF, 0xFF, 0xFF, 0xFF, 0xFF, 0xFF, 0xFF, 0xFF, 0xFF, 0xFF, 0xFF, 0xFF, 0xFF, 0xFF, 0xFF, 0xFF,
    0xFF, 0xFF, 0xFF, 0xFF, 0xFF, 0xFF, 0xFF, 0xFF, 0xFF, 0xFF, 0xFF, 0xFF, 0xFF, 0xFF, 0xFF, 0xFF,
    0xFF, 0xFF, 0xFF, 0xFF, 0xFF, 0xFF, 0xFF, 0xFF,
};

const uint8_t* const APP_VIDEO_FRAMES[] = {
    APP_VIDEO_FRAME_00,
    APP_VIDEO_FRAME_01,
    APP_VIDEO_FRAME_02,
    APP_VIDEO_FRAME_03,
    APP_VIDEO_FRAME_04,
    APP_VIDEO_FRAME_05,
};
const int APP_VIDEO_FRAME_COUNT = 6;
